ride_id,rideable_type,started_at,ended_at,start_station_name,start_station_id,end_station_name,end_station_id,start_lat,start_lng,end_lat,end_lng,member_casual,ride_length,day_of_week,month
13C9D648D25C5A8B,classic_bike,2025-03-08 21:42:08.903,2025-03-08 21:49:17.893,California Ave & Milwaukee Ave,13084,Albany Ave & Bloomingdale Ave,15655,41.922695,-87.697153,41.91402671273,-87.705126462,member,7.1498333333333335,Saturday,March
6A3A9CFD8C9F348A,electric_bike,2025-03-10 21:23:04.958,2025-03-10 21:29:06.941,Leavitt St/North Ave,PI00003,Albany Ave & Bloomingdale Ave,15655,41.910077,-87.682306,41.91402671273,-87.705126462,member,6.03305,Monday,March
E7D2E379CFA34A8C,classic_bike,2025-03-28 15:33:21.100,2025-03-28 16:05:11.651,Damen Ave & Clybourn Ave,13271,Albany Ave & Bloomingdale Ave,15655,41.931931,-87.677856,41.91402671273,-87.705126462,member,31.842516666666665,Friday,March
2821E02D3BB03AED,electric_bike,2025-03-05 12:08:57.932,2025-03-05 12:11:10.586,Public Rack - Evans Ave & 63rd St,749,Cottage Grove Ave & 63rd St,KA1503000054,41.780506,-87.607519,41.78053094070882,-87.6059702038765,member,2.2109,Wednesday,March
0B4ACA9D8ABF401A,electric_bike,2025-03-11 16:04:55.614,2025-03-11 16:14:08.042,Wabash Ave & Grand Ave,TA1307000117,Canal St & Jackson Blvd,13138,41.891466,-87.626761,41.878125,-87.639968,member,9.207133333333333,Tuesday,March
B1C039B6B7F67DAD,electric_bike,2025-03-13 08:22:35.351,2025-03-13 08:25:52.834,Desplaines St & Randolph St,15535,Canal St & Jackson Blvd,13138,41.883703,-87.644238,41.878125,-87.639968,casual,3.2913833333333335,Thursday,March
4DCE23ABA74BA5EF,electric_bike,2025-03-25 16:37:21.474,2025-03-25 16:47:51.033,Wabash Ave & Grand Ave,TA1307000117,Canal St & Jackson Blvd,13138,41.891466,-87.626761,41.878125,-87.639968,casual,10.49265,Tuesday,March
E987B24AAA1082A7,classic_bike,2025-03-17 17:13:00.535,2025-03-17 17:19:32.520,California Ave & Milwaukee Ave,13084,Albany Ave & Bloomingdale Ave,15655,41.922695,-87.697153,41.91402671273,-87.705126462,member,6.533083333333334,Monday,March
97152632A5E054FD,classic_bike,2025-03-21 01:54:36.837,2025-03-21 02:00:56.358,California Ave & Milwaukee Ave,13084,Albany Ave & Bloomingdale Ave,15655,41.922695,-87.697153,41.91402671273,-87.705126462,member,6.32535,Friday,March
A3F03CD63DD6DFE7,electric_bike,2025-03-26 16:07:50.680,2025-03-26 16:13:21.693,California Ave & Milwaukee Ave,13084,Albany Ave & Bloomingdale Ave,15655,41.922695,-87.697153,41.91402671273,-87.705126462,member,5.516883333333333,Wednesday,March
0A6EDC4AD0C225E0,classic_bike,2025-03-16 01:51:35.605,2025-03-16 01:57:08.777,California Ave & Milwaukee Ave,13084,Albany Ave & Bloomingdale Ave,15655,41.922695,-87.697153,41.91402671273,-87.705126462,member,5.5528666666666675,Sunday,March
18DAC9E20678BFC1,classic_bike,2025-03-10 20:27:14.061,2025-03-10 20:35:32.974,California Ave & Milwaukee Ave,13084,Albany Ave & Bloomingdale Ave,15655,41.922695,-87.697153,41.91402671273,-87.705126462,member,8.315216666666666,Monday,March
2F3D943DF41C28F6,classic_bike,2025-03-13 18:13:19.402,2025-03-13 19:17:52.376,Rush St & Cedar St,KA1504000133,Clybourn Ave & Division St,TA1307000115,41.90230870122,-87.627690528,41.904613,-87.640552,casual,64.54956666666666,Thursday,March
D212DC2CEFD794F7,classic_bike,2025-03-10 18:15:53.528,2025-03-10 18:23:24.109,Rush St & Cedar St,KA1504000133,Clybourn Ave & Division St,TA1307000115,41.90230870122,-87.627690528,41.904613,-87.640552,casual,7.509683333333333,Monday,March
906C472B0C9A9F21,electric_bike,2025-03-26 07:54:37.269,2025-03-26 07:58:11.101,Rush St & Cedar St,KA1504000133,Clybourn Ave & Division St,TA1307000115,41.902379274,-87.627830029,41.904613,-87.640552,member,3.5638666666666667,Wednesday,March
0E32EE1D1DBA9718,electric_bike,2025-03-12 17:09:31.466,2025-03-12 17:23:32.436,Wells St & Walton St,TA1306000011,Canal St & Jackson Blvd,13138,41.89993001,-87.63443007,41.878125,-87.639968,member,14.016166666666667,Wednesday,March
21AFCDDD9104644B,classic_bike,2025-03-13 17:04:19.787,2025-03-13 17:18:45.515,Wells St & Walton St,TA1306000011,Canal St & Jackson Blvd,13138,41.89993001,-87.63443007,41.878125,-87.639968,member,14.428799999999999,Thursday,March
6BF26CE506E6E445,electric_bike,2025-03-04 17:11:17.636,2025-03-04 17:24:06.590,Wells St & Walton St,TA1306000011,Canal St & Jackson Blvd,13138,41.89993001,-87.63443007,41.878125,-87.639968,member,12.8159,Tuesday,March
B11DE6B813F27DE7,classic_bike,2025-03-03 17:08:06.453,2025-03-03 17:23:25.264,Wells St & Walton St,TA1306000011,Canal St & Jackson Blvd,13138,41.89993001,-87.63443007,41.878125,-87.639968,member,15.313516666666667,Monday,March
8F99860DF01D7EAA,electric_bike,2025-03-06 17:06:21.088,2025-03-06 17:19:56.136,Wells St & Walton St,TA1306000011,Canal St & Jackson Blvd,13138,41.89993001,-87.63443007,41.878125,-87.639968,member,13.584133333333334,Thursday,March
D1F7329C38BAB30A,classic_bike,2025-03-11 14:16:12.948,2025-03-11 14:19:58.656,Wabash Ave & Cermak Rd,TA1305000001,Archer & Wentworth,25001,41.852619,-87.626488,41.8546868,-87.6308531,member,3.7618,Tuesday,March
79428456C1ED2AE5,classic_bike,2025-03-31 16:20:04.858,2025-03-31 16:36:45.905,Honore St & Division St,TA1305000034,Albany Ave & Bloomingdale Ave,15655,41.903119,-87.673935,41.91402671273,-87.705126462,member,16.684116666666668,Monday,March
331300BCD2FDBA81,classic_bike,2025-03-21 15:48:02.297,2025-03-21 16:02:49.669,Honore St & Division St,TA1305000034,Albany Ave & Bloomingdale Ave,15655,41.903119,-87.673935,41.91402671273,-87.705126462,member,14.789533333333333,Friday,March
ED66BB079800CAB3,electric_bike,2025-03-18 15:39:57.365,2025-03-18 15:43:06.384,Wells St & Walton St,TA1306000011,Clybourn Ave & Division St,TA1307000115,41.89993001,-87.63443007,41.904613,-87.640552,member,3.150316666666667,Tuesday,March
A013C02373FF23EB,classic_bike,2025-03-19 09:00:19.426,2025-03-19 09:36:36.172,California Ave & Montrose Ave,15622,Clybourn Ave & Division St,TA1307000115,41.961068,-87.695439,41.904613,-87.640552,member,36.2791,Wednesday,March
F440ACB9807EFE71,electric_bike,2025-03-09 16:01:56.628,2025-03-09 16:14:42.619,Honore St & Division St,TA1305000034,Albany Ave & Bloomingdale Ave,15655,41.903119,-87.673935,41.91402671273,-87.705126462,member,12.766516666666666,Sunday,March
9D84D0ACA1C9FE4F,electric_bike,2025-03-26 15:55:40.516,2025-03-26 15:57:38.932,Desplaines St & Randolph St,15535,Desplaines St & Kinzie St,TA1306000003,41.883703,-87.644238,41.888716036,-87.6444478533,member,1.9736,Wednesday,March
8858A748D85EB553,classic_bike,2025-03-15 07:52:35.183,2025-03-15 08:06:59.450,Wabash Ave & Grand Ave,TA1307000117,Desplaines St & Kinzie St,TA1306000003,41.891466,-87.626761,41.888716036,-87.6444478533,casual,14.40445,Saturday,March
F0E1A14667C0AEC8,classic_bike,2025-03-01 08:38:12.918,2025-03-01 08:52:29.906,Wabash Ave & Grand Ave,TA1307000117,Desplaines St & Kinzie St,TA1306000003,41.891466,-87.626761,41.888716036,-87.6444478533,casual,14.283133333333334,Saturday,March
634A15EAABD30456,classic_bike,2025-03-01 09:15:29.416,2025-03-01 09:18:46.516,Desplaines St & Randolph St,15535,Desplaines St & Kinzie St,TA1306000003,41.883703,-87.644238,41.888716036,-87.6444478533,casual,3.2849999999999997,Saturday,March
D7A7FE1A8AB65BC5,electric_bike,2025-03-26 19:00:01.699,2025-03-26 19:05:07.874,Wabash Ave & Grand Ave,TA1307000117,Desplaines St & Kinzie St,TA1306000003,41.891466,-87.626761,41.888716036,-87.6444478533,casual,5.102916666666667,Wednesday,March
C300C2FA0A28B8DC,electric_bike,2025-03-09 16:19:38.272,2025-03-09 16:27:42.486,Wabash Ave & Grand Ave,TA1307000117,Desplaines St & Kinzie St,TA1306000003,41.891466,-87.626761,41.888716036,-87.6444478533,casual,8.070233333333332,Sunday,March
5670AFB500A299F8,classic_bike,2025-03-30 13:52:57.678,2025-03-30 14:02:04.817,Wabash Ave & Grand Ave,TA1307000117,Orleans St & Chestnut St (NEXT Apts),620,41.891466,-87.626761,41.898203,-87.637536,casual,9.118983333333334,Sunday,March
6126A8C2128FB1BD,electric_bike,2025-03-28 17:00:47.534,2025-03-28 17:02:55.382,Desplaines St & Randolph St,15535,Desplaines St & Kinzie St,TA1306000003,41.883653522,-87.644353032,41.888716036,-87.6444478533,casual,2.1308,Friday,March
0C97D725B9C6D8DE,classic_bike,2025-03-15 07:52:22.614,2025-03-15 08:07:03.292,Wabash Ave & Grand Ave,TA1307000117,Desplaines St & Kinzie St,TA1306000003,41.891466,-87.626761,41.888716036,-87.6444478533,casual,14.677966666666666,Saturday,March
AA3104A3B26E9AFF,classic_bike,2025-03-16 16:57:51.066,2025-03-16 17:01:11.643,Desplaines St & Randolph St,15535,Desplaines St & Kinzie St,TA1306000003,41.883703,-87.644238,41.888716036,-87.6444478533,member,3.34295,Sunday,March
98AF7CC07D8F4A1D,classic_bike,2025-03-06 16:33:57.932,2025-03-06 16:43:07.444,Wabash Ave & Grand Ave,TA1307000117,Desplaines St & Kinzie St,TA1306000003,41.891466,-87.626761,41.888716036,-87.6444478533,member,9.158533333333333,Thursday,March
16A76E9B5596C842,electric_bike,2025-03-02 18:39:54.381,2025-03-02 19:01:02.221,Peterson/Ridge Metra,24458,Rockwell St & Eastwood Ave,KA1504000093,41.9918,-87.67489,41.96590013976,-87.6936384935,member,21.130666666666666,Sunday,March
8D5EFD54A9219469,classic_bike,2025-03-13 16:37:01.800,2025-03-13 16:45:21.366,Mies van der Rohe Way & Chestnut St,15529,Orleans St & Chestnut St (NEXT Apts),620,41.8985866514,-87.6219152258,41.898203,-87.637536,member,8.3261,Thursday,March
082E4AC560E70AC8,electric_bike,2025-03-23 19:04:13.096,2025-03-23 19:12:01.878,Damen Ave & Thomas St (Augusta Blvd),TA1307000070,Desplaines St & Kinzie St,TA1306000003,41.901315,-87.677409,41.888716036,-87.6444478533,member,7.813033333333333,Sunday,March
688A174FC1535FEF,electric_bike,2025-03-10 19:32:29.783,2025-03-10 19:41:11.751,Damen Ave & Thomas St (Augusta Blvd),TA1307000070,Desplaines St & Kinzie St,TA1306000003,41.901315,-87.677409,41.888716036,-87.6444478533,member,8.699466666666666,Monday,March
9A61A44C6A83967C,electric_bike,2025-03-15 11:25:01.979,2025-03-15 11:33:26.459,Damen Ave & Thomas St (Augusta Blvd),TA1307000070,Desplaines St & Kinzie St,TA1306000003,41.901315,-87.677409,41.888716036,-87.6444478533,member,8.408,Saturday,March
2954F6982A68F8B0,electric_bike,2025-03-24 19:18:01.051,2025-03-24 19:27:42.778,Damen Ave & Thomas St (Augusta Blvd),TA1307000070,Desplaines St & Kinzie St,TA1306000003,41.901315,-87.677409,41.888716036,-87.6444478533,member,9.69545,Monday,March
C662977AEAF19E3E,classic_bike,2025-03-03 18:40:17.765,2025-03-03 18:52:46.223,Wells St & Walton St,TA1306000011,Desplaines St & Kinzie St,TA1306000003,41.89993001,-87.63443007,41.888716036,-87.6444478533,member,12.4743,Monday,March
32A58B0DB1F7F7BE,classic_bike,2025-03-14 16:31:56.305,2025-03-14 16:44:41.789,Richmond St & Lincoln Ave,21452,Hoyne Ave & Balmoral Ave,655,41.9881174,-87.7031754,41.979851,-87.681932,member,12.758066666666668,Friday,March
46B3BF7D5A8D1BC0,electric_bike,2025-03-30 09:44:36.976,2025-03-30 09:55:01.168,Morgan Ave & 14th Pl,TA1306000002,Desplaines St & Kinzie St,TA1306000003,41.862378,-87.651062,41.888716036,-87.6444478533,casual,10.4032,Sunday,March
D8FEBC680D88C836,electric_bike,2025-03-29 13:28:44.181,2025-03-29 13:30:55.595,Public Rack - California & 87th,1266.0,Francisco Ave & 85th St,23119,41.73569,-87.692172,41.738902,-87.695518,member,2.190233333333333,Saturday,March
395533DAFCD1FCC1,electric_bike,2025-03-05 14:59:58.222,2025-03-05 15:11:22.488,Campbell Ave & Montrose Ave,15623,Hoyne Ave & Balmoral Ave,655,41.961524,-87.691177,41.979851,-87.681932,member,11.404433333333333,Wednesday,March
25382EDE1E26F8BD,electric_bike,2025-03-02 16:44:30.560,2025-03-02 17:00:21.878,California Ave & Milwaukee Ave,13084,Orleans St & Chestnut St (NEXT Apts),620,41.922695,-87.697153,41.898203,-87.637536,member,15.8553,Sunday,March
DE4384B63E09776F,classic_bike,2025-03-15 10:01:23.747,2025-03-15 10:07:27.867,Rush St & Cedar St,KA1504000133,Orleans St & Chestnut St (NEXT Apts),620,41.90230870122,-87.627690528,41.898203,-87.637536,casual,6.068666666666667,Saturday,March
E4A6D4F96DEB45F4,electric_bike,2025-03-15 09:16:47.257,2025-03-15 09:22:07.895,Peterson/Ridge Metra,24458,Hoyne Ave & Balmoral Ave,655,41.9918,-87.67489,41.979851,-87.681932,casual,5.343966666666666,Saturday,March
81DA138695E0183A,classic_bike,2025-03-01 14:19:17.677,2025-03-01 14:22:00.974,Wells St & Walton St,TA1306000011,Orleans St & Chestnut St (NEXT Apts),620,41.89993001,-87.63443007,41.898203,-87.637536,member,2.721616666666667,Saturday,March
C9CF53AB424CCBBB,electric_bike,2025-03-18 19:53:32.101,2025-03-18 20:06:37.512,Rush St & Cedar St,KA1504000133,Desplaines St & Kinzie St,TA1306000003,41.90230870122,-87.627690528,41.888716036,-87.6444478533,member,13.090183333333332,Tuesday,March
845A988922548B97,electric_bike,2025-03-30 13:13:53.218,2025-03-30 13:20:07.722,Peterson/Ridge Metra,24458,Hoyne Ave & Balmoral Ave,655,41.991807342,-87.674897432,41.979851,-87.681932,member,6.241733333333333,Sunday,March
033419F50831E576,electric_bike,2025-03-24 08:04:02.250,2025-03-24 08:21:16.791,Damen Ave & Charleston St,13288,Hoyne Ave & Balmoral Ave,655,41.920082,-87.677855,41.979851,-87.681932,member,17.24235,Monday,March
59E3A068B1B1262E,electric_bike,2025-03-11 06:49:33.347,2025-03-11 07:06:40.252,Damen Ave & Charleston St,13288,Hoyne Ave & Balmoral Ave,655,41.920082,-87.677855,41.979851,-87.681932,member,17.115083333333335,Tuesday,March
E58B541663AF093F,electric_bike,2025-03-27 07:41:04.023,2025-03-27 08:02:06.764,Damen Ave & Charleston St,13288,Hoyne Ave & Balmoral Ave,655,41.920082,-87.677855,41.979851,-87.681932,member,21.045683333333333,Thursday,March
08B5A6837AC735F4,classic_bike,2025-03-26 12:02:29.276,2025-03-26 12:07:56.759,Rush St & Cedar St,KA1504000133,Orleans St & Chestnut St (NEXT Apts),620,41.90230870122,-87.627690528,41.898203,-87.637536,member,5.45805,Wednesday,March
657B9E975F4980DF,classic_bike,2025-03-05 10:48:13.307,2025-03-05 10:50:18.941,Wells St & Walton St,TA1306000011,Orleans St & Chestnut St (NEXT Apts),620,41.89993001,-87.63443007,41.898203,-87.637536,member,2.0939,Wednesday,March
D5623444B10582AB,classic_bike,2025-03-15 09:56:38.146,2025-03-15 10:07:22.180,Rush St & Cedar St,KA1504000133,Orleans St & Chestnut St (NEXT Apts),620,41.90230870122,-87.627690528,41.898203,-87.637536,member,10.7339,Saturday,March
6507B1638E4BF106,electric_bike,2025-03-15 11:16:09.687,2025-03-15 11:17:34.032,Wells St & Walton St,TA1306000011,Orleans St & Chestnut St (NEXT Apts),620,41.89993001,-87.63443007,41.898203,-87.637536,member,1.40575,Saturday,March
90C1B173F0AE7FE0,electric_bike,2025-03-09 18:53:51.570,2025-03-09 19:02:44.063,Peterson/Ridge Metra,24458,Western Ave & Ardmore Ave,464,41.9918,-87.67489,41.9867636,-87.6898796,casual,8.874883333333335,Sunday,March
C8156381CDDDA80E,electric_bike,2025-03-24 18:59:33.752,2025-03-24 19:08:28.140,Rush St & Cedar St,KA1504000133,Desplaines St & Kinzie St,TA1306000003,41.90230870122,-87.627690528,41.888716036,-87.6444478533,casual,8.906466666666667,Monday,March
8C23BEC94D2DCD83,classic_bike,2025-03-15 18:16:38.023,2025-03-15 18:27:34.276,Wells St & Walton St,TA1306000011,Desplaines St & Kinzie St,TA1306000003,41.89993001,-87.63443007,41.888716036,-87.6444478533,casual,10.93755,Saturday,March
74F01EFB6409E782,classic_bike,2025-03-28 19:49:43.802,2025-03-28 19:51:34.787,Wells St & Walton St,TA1306000011,Orleans St & Chestnut St (NEXT Apts),620,41.89993001,-87.63443007,41.898203,-87.637536,member,1.84975,Friday,March
A8F439BCDA870454,electric_bike,2025-03-10 09:19:26.254,2025-03-10 09:38:08.184,Stockton Dr & Wrightwood Ave,13276,Desplaines St & Kinzie St,TA1306000003,41.93132,-87.638742,41.888716036,-87.6444478533,member,18.698833333333333,Monday,March
34BD3DC0F32988C6,electric_bike,2025-03-31 07:55:32.742,2025-03-31 08:07:25.532,Damen Ave & Thomas St (Augusta Blvd),TA1307000070,Desplaines St & Kinzie St,TA1306000003,41.901358247,-87.677482605,41.888716036,-87.6444478533,member,11.879833333333332,Monday,March
8E0E475BE896804C,electric_bike,2025-03-17 13:30:44.428,2025-03-17 13:33:54.938,Rockwell St & Cermak Rd,425,California & 16th St,426,41.851644,-87.690621,41.859228,-87.695562,member,3.1751666666666667,Monday,March
E20FA1415A235564,electric_bike,2025-03-01 16:32:32.541,2025-03-01 16:54:37.043,Honore St & Division St,TA1305000034,Francisco Ave & Montrose Ave,446,41.903119,-87.673935,41.9610471,-87.700901,member,22.075033333333334,Saturday,March
00C550CDBEF7556E,electric_bike,2025-03-14 19:13:49.985,2025-03-14 19:16:40.685,California Ave & Montrose Ave,15622,Francisco Ave & Montrose Ave,446,41.961068,-87.695439,41.9610471,-87.700901,member,2.8449999999999998,Friday,March
5DDDCCDFCA407CDD,classic_bike,2025-03-03 17:51:07.717,2025-03-03 18:04:00.058,Mies van der Rohe Way & Chestnut St,15529,Desplaines St & Kinzie St,TA1306000003,41.8985866514,-87.6219152258,41.888716036,-87.6444478533,member,12.87235,Monday,March
763085E2E37F205F,electric_bike,2025-03-09 09:47:32.201,2025-03-09 09:50:27.458,Campbell Ave & Montrose Ave,15623,Francisco Ave & Montrose Ave,446,41.961524,-87.691177,41.9610471,-87.700901,member,2.92095,Sunday,March
2E6B7ED5C03A8EAF,classic_bike,2025-03-28 17:59:57.258,2025-03-28 18:15:56.072,Mies van der Rohe Way & Chestnut St,15529,Desplaines St & Kinzie St,TA1306000003,41.8985866514,-87.6219152258,41.888716036,-87.6444478533,casual,15.980233333333333,Friday,March
4AB467D5B664E33B,electric_bike,2025-03-08 14:29:34.476,2025-03-08 14:42:48.696,Mies van der Rohe Way & Chestnut St,15529,Desplaines St & Kinzie St,TA1306000003,41.8985866514,-87.6219152258,41.888716036,-87.6444478533,casual,13.237,Saturday,March
123D92AD3BAC40A5,classic_bike,2025-03-30 14:40:11.449,2025-03-30 14:55:45.134,Mies van der Rohe Way & Chestnut St,15529,Desplaines St & Kinzie St,TA1306000003,41.8985866514,-87.6219152258,41.888716036,-87.6444478533,casual,15.561416666666666,Sunday,March
BDA2E2FA6D9D3B0A,classic_bike,2025-03-17 17:14:12.167,2025-03-17 17:17:35.360,Desplaines St & Randolph St,15535,Desplaines St & Kinzie St,TA1306000003,41.883703,-87.644238,41.888716036,-87.6444478533,member,3.38655,Monday,March
CB3AC2F80FDB836E,classic_bike,2025-03-13 16:57:16.413,2025-03-13 17:08:58.492,Lincoln Ave & Belle Plaine Ave,TA1309000026,Hoyne Ave & Balmoral Ave,655,41.95600355078549,-87.68016144633293,41.979851,-87.681932,member,11.701316666666665,Thursday,March
EDEF502580A6A980,classic_bike,2025-03-05 07:29:02.252,2025-03-05 07:42:53.275,Honore St & Division St,TA1305000034,Desplaines St & Kinzie St,TA1306000003,41.903119,-87.673935,41.888716036,-87.6444478533,casual,13.850383333333333,Wednesday,March
BED5A08D1D320BEF,electric_bike,2025-03-27 07:53:18.351,2025-03-27 08:04:10.442,Damen Ave & Thomas St (Augusta Blvd),TA1307000070,Desplaines St & Kinzie St,TA1306000003,41.901315,-87.677409,41.888716036,-87.6444478533,member,10.868183333333333,Thursday,March
50924E3B375DD8B4,electric_bike,2025-03-29 11:08:13.153,2025-03-29 11:13:35.430,Lincoln Ave & Sunnyside Ave,TA1307000156,Francisco Ave & Montrose Ave,446,41.963004,-87.684781,41.9610471,-87.700901,casual,5.371283333333333,Saturday,March
52B4FB17ABD28267,classic_bike,2025-03-11 21:32:49.154,2025-03-11 21:40:49.051,Lincoln Ave & Sunnyside Ave,TA1307000156,Hoyne Ave & Balmoral Ave,655,41.963004,-87.684781,41.979851,-87.681932,member,7.998283333333333,Tuesday,March
2E633C08AC5BDCF7,electric_bike,2025-03-24 15:48:38.131,2025-03-24 15:52:44.238,Clinton St & Washington Blvd,WL-012,Desplaines St & Kinzie St,TA1306000003,41.88338,-87.64117,41.888716036,-87.6444478533,member,4.101783333333334,Monday,March
1EBC45CA5DA9F66A,electric_bike,2025-03-31 17:24:06.553,2025-03-31 17:28:31.322,Clinton St & Washington Blvd,WL-012,Desplaines St & Kinzie St,TA1306000003,41.88338,-87.64117,41.888716036,-87.6444478533,member,4.412816666666667,Monday,March
AA673ACEF681161E,electric_bike,2025-03-21 07:44:23.918,2025-03-21 07:52:08.962,Wabash Ave & Grand Ave,TA1307000117,Desplaines St & Kinzie St,TA1306000003,41.891466,-87.626761,41.888716036,-87.6444478533,member,7.750733333333333,Friday,March
BB59FB0B00B512E4,electric_bike,2025-03-12 22:39:40.853,2025-03-12 22:45:42.316,Wabash Ave & Grand Ave,TA1307000117,Desplaines St & Kinzie St,TA1306000003,41.891712546,-87.626744747,41.888716036,-87.6444478533,member,6.024383333333334,Wednesday,March
FE69C2686F6EC721,electric_bike,2025-03-17 23:42:43.875,2025-03-17 23:47:10.218,Wabash Ave & Grand Ave,TA1307000117,Desplaines St & Kinzie St,TA1306000003,41.891428113,-87.626488209,41.888716036,-87.6444478533,member,4.43905,Monday,March
DA39B6152A72ECE0,classic_bike,2025-03-03 17:42:26.173,2025-03-03 17:46:23.530,Central Ave & Altgeld St,23182,Mango Ave & Diversey Ave,23175,41.9258119,-87.7663685,41.9309625,-87.7698856,casual,3.95595,Monday,March
DAA9E067E023763F,classic_bike,2025-03-08 17:07:30.030,2025-03-08 17:23:20.508,Lincoln Ave & Sunnyside Ave,TA1307000156,Hoyne Ave & Balmoral Ave,655,41.963004,-87.684781,41.979851,-87.681932,member,15.841299999999999,Saturday,March
5CA785B2FAC15B39,electric_bike,2025-03-14 16:31:51.534,2025-03-14 16:44:38.539,Richmond St & Lincoln Ave,21452,Hoyne Ave & Balmoral Ave,655,41.9881174,-87.7031754,41.979851,-87.681932,member,12.783416666666666,Friday,March
4AEEFBF4543323D5,electric_bike,2025-03-21 08:25:27.932,2025-03-21 08:27:49.212,Campbell Ave & Montrose Ave,15623,Rockwell St & Eastwood Ave,KA1504000093,41.961524,-87.691177,41.96590013976,-87.6936384935,member,2.3546666666666667,Friday,March
EBD77CC19529D7C6,electric_bike,2025-03-06 14:40:49.364,2025-03-06 14:47:28.575,Lake Park Ave & 47th St,TA1308000035,Woodlawn Ave & 58th St,22002,41.809443,-87.591875,41.789381,-87.596479,member,6.6535166666666665,Thursday,March
14399367323439A3,classic_bike,2025-03-12 07:43:11.295,2025-03-12 07:59:01.811,Lincoln Ave & Roscoe St*,chargingstx5,Rockwell St & Eastwood Ave,KA1504000093,41.9433502470174,-87.67066776752472,41.96590013976,-87.6936384935,member,15.841933333333333,Wednesday,March
30C199E3812AA127,classic_bike,2025-03-19 08:02:36.847,2025-03-19 08:22:10.977,Lincoln Ave & Roscoe St*,chargingstx5,Rockwell St & Eastwood Ave,KA1504000093,41.9433502470174,-87.67066776752472,41.96590013976,-87.6936384935,member,19.568833333333334,Wednesday,March
111F4F5529D00523,classic_bike,2025-03-28 18:36:25.208,2025-03-28 18:54:17.188,Lake Park Ave & 47th St,TA1308000035,Woodlawn Ave & 58th St,22002,41.809443,-87.591875,41.789381,-87.596479,casual,17.866333333333333,Friday,March
26C05A6FC28F3526,classic_bike,2025-03-23 00:12:01.505,2025-03-23 00:30:00.786,Desplaines St & Randolph St,15535,Wabash Ave & 16th St,SL-012,41.883703,-87.644238,41.860384,-87.625813,casual,17.988016666666667,Sunday,March
8AA6E3EB6A7C7907,classic_bike,2025-03-23 00:11:38.249,2025-03-23 00:30:16.991,Desplaines St & Randolph St,15535,Wabash Ave & 16th St,SL-012,41.883703,-87.644238,41.860384,-87.625813,casual,18.645699999999998,Sunday,March
80CBE64A2A1E9A23,classic_bike,2025-03-31 14:47:37.849,2025-03-31 15:03:56.264,Wabash Ave & Grand Ave,TA1307000117,Wabash Ave & 16th St,SL-012,41.891466,-87.626761,41.860384,-87.625813,member,16.306916666666666,Monday,March
164E288D93ABA349,electric_bike,2025-03-21 15:54:37.977,2025-03-21 16:07:07.684,Wabash Ave & Grand Ave,TA1307000117,Wabash Ave & 16th St,SL-012,41.891466,-87.626761,41.860384,-87.625813,member,12.495116666666666,Friday,March
43BCF5A833641A10,classic_bike,2025-03-20 13:36:35.042,2025-03-20 13:41:01.808,California Ave & Montrose Ave,15622,Rockwell St & Eastwood Ave,KA1504000093,41.961068,-87.695439,41.96590013976,-87.6936384935,member,4.4461,Thursday,March
02577924296F6A36,electric_bike,2025-03-12 18:58:17.458,2025-03-12 19:01:08.762,California Ave & Montrose Ave,15622,Rockwell St & Eastwood Ave,KA1504000093,41.961068,-87.695439,41.96590013976,-87.6936384935,casual,2.8550666666666666,Wednesday,March
2D852B2A9A678532,classic_bike,2025-03-02 18:30:05.093,2025-03-02 18:45:38.103,Western Ave & Roscoe St,15634,Rockwell St & Eastwood Ave,KA1504000093,41.943034,-87.687288,41.96590013976,-87.6936384935,member,15.550166666666666,Sunday,March
089BD96590FE083B,classic_bike,2025-03-03 15:52:21.141,2025-03-03 16:10:31.100,Western Ave & Roscoe St,15634,Rockwell St & Eastwood Ave,KA1504000093,41.943034,-87.687288,41.96590013976,-87.6936384935,member,18.165983333333333,Monday,March
26CB89CDE87F0861,classic_bike,2025-03-27 15:54:56.661,2025-03-27 16:10:17.031,Western Ave & Roscoe St,15634,Rockwell St & Eastwood Ave,KA1504000093,41.943034,-87.687288,41.96590013976,-87.6936384935,member,15.3395,Thursday,March
DB91D775B9FFB704,classic_bike,2025-03-11 15:47:41.120,2025-03-11 16:05:36.968,Western Ave & Roscoe St,15634,Rockwell St & Eastwood Ave,KA1504000093,41.943034,-87.687288,41.96590013976,-87.6936384935,member,17.930799999999998,Tuesday,March
9D89023395AA2C0A,classic_bike,2025-03-31 16:05:28.487,2025-03-31 16:22:43.821,Western Ave & Roscoe St,15634,Rockwell St & Eastwood Ave,KA1504000093,41.943034,-87.687288,41.96590013976,-87.6936384935,member,17.255566666666667,Monday,March
17DE76220A2971D7,classic_bike,2025-03-30 18:31:46.839,2025-03-30 18:49:07.592,Western Ave & Roscoe St,15634,Rockwell St & Eastwood Ave,KA1504000093,41.943034,-87.687288,41.96590013976,-87.6936384935,member,17.345883333333333,Sunday,March
A2B2C2B5C9638CC8,classic_bike,2025-03-03 08:38:36.515,2025-03-03 08:41:59.307,Campbell Ave & Montrose Ave,15623,Rockwell St & Eastwood Ave,KA1504000093,41.961524,-87.691177,41.96590013976,-87.6936384935,member,3.3798666666666666,Monday,March
4878095066C75739,classic_bike,2025-03-24 16:02:33.440,2025-03-24 16:18:49.059,Western Ave & Roscoe St,15634,Rockwell St & Eastwood Ave,KA1504000093,41.943034,-87.687288,41.96590013976,-87.6936384935,member,16.260316666666668,Monday,March
A3829751D39253AC,classic_bike,2025-03-12 15:13:48.552,2025-03-12 15:16:07.584,Campbell Ave & Montrose Ave,15623,Rockwell St & Eastwood Ave,KA1504000093,41.961524,-87.691177,41.96590013976,-87.6936384935,member,2.3172,Wednesday,March
1FB6A13ECB5B8B29,classic_bike,2025-03-22 17:50:34.194,2025-03-22 17:54:17.957,Campbell Ave & Montrose Ave,15623,Rockwell St & Eastwood Ave,KA1504000093,41.961524,-87.691177,41.96590013976,-87.6936384935,member,3.7293833333333333,Saturday,March
D991E70A6FF33304,classic_bike,2025-03-26 14:53:26.717,2025-03-26 15:09:03.294,Western Ave & Roscoe St,15634,Rockwell St & Eastwood Ave,KA1504000093,41.943034,-87.687288,41.96590013976,-87.6936384935,member,15.609616666666666,Wednesday,March
2AD904DE78CEED04,classic_bike,2025-03-22 13:47:47.728,2025-03-22 13:50:49.673,MLK Jr Dr & 29th St,TA1307000139,Indiana Ave & 31st St,TA1308000036,41.842052,-87.617,41.838842,-87.621857,member,3.0324166666666668,Saturday,March
885E7973699D14D9,electric_bike,2025-03-13 19:40:24.556,2025-03-13 19:44:41.542,Federal St & Polk St,SL-008,Wabash Ave & 16th St,SL-012,41.87207763285,-87.6295437729,41.860384,-87.625813,member,4.2831,Thursday,March
1DB2E6596D5726ED,electric_bike,2025-03-14 07:16:54.042,2025-03-14 07:31:48.840,Lincoln Ave & Roscoe St*,chargingstx5,Rockwell St & Eastwood Ave,KA1504000093,41.9433502470174,-87.67066776752472,41.96590013976,-87.6936384935,casual,14.9133,Friday,March
8DBD0FA6119F4AA5,electric_bike,2025-03-29 22:26:11.727,2025-03-29 22:28:33.463,MLK Jr Dr & 29th St,TA1307000139,Indiana Ave & 31st St,TA1308000036,41.842052,-87.617,41.838842,-87.621857,member,2.3622666666666663,Saturday,March
3B021955C43B7B19,electric_bike,2025-03-27 17:46:41.711,2025-03-27 17:48:55.467,MLK Jr Dr & 29th St,TA1307000139,Indiana Ave & 31st St,TA1308000036,41.842052,-87.617,41.838842,-87.621857,member,2.2292666666666667,Thursday,March
7C8ACED44F3276F2,classic_bike,2025-03-11 09:47:57.261,2025-03-11 09:50:37.760,Ellis Ave & 58th St,TA1309000011,Woodlawn Ave & 58th St,22002,41.788746,-87.601334,41.789381,-87.596479,member,2.674983333333333,Tuesday,March
39D01D338BB7F69E,electric_bike,2025-03-16 23:59:50.964,2025-03-17 00:03:23.869,Richmond St & 59th St,21388,St Louis Ave & 59th St,21387,41.78649,-87.69733,41.78589,-87.71057,casual,3.5484166666666668,Sunday,March
78410AF95C99AA02,classic_bike,2025-03-25 15:05:01.981,2025-03-25 15:08:27.186,MLK Jr Dr & 29th St,TA1307000139,Indiana Ave & 31st St,TA1308000036,41.842052,-87.617,41.838842,-87.621857,casual,3.4200833333333334,Tuesday,March
B9002513F10F348E,electric_bike,2025-03-14 23:04:11.985,2025-03-14 23:09:45.589,Richmond St & 59th St,21388,Western Ave & 62nd St,348,41.78649,-87.69733,41.780985,-87.6834204,casual,5.560066666666667,Friday,March
40598F0E7D34AB78,electric_bike,2025-03-23 20:40:04.997,2025-03-23 20:54:39.091,Lincoln Ave & Sunnyside Ave,TA1307000156,Knox Ave & Montrose Ave,592,41.963004,-87.684781,41.960631,-87.745359,casual,14.568233333333334,Sunday,March
AC02DA4382FDA7CE,classic_bike,2025-03-27 13:22:36.690,2025-03-27 13:41:20.481,Wabash Ave & Cermak Rd,TA1305000001,Wentworth Ave & 35th St,KA1503000005,41.852619,-87.626488,41.830777,-87.632504,casual,18.72985,Thursday,March
9D4FB9A9305BBE41,classic_bike,2025-03-30 22:14:57.264,2025-03-30 22:20:36.248,Wabash Ave & Cermak Rd,TA1305000001,Wabash Ave & 16th St,SL-012,41.852619,-87.626488,41.860384,-87.625813,member,5.649733333333333,Sunday,March
F0A452BABF123AEB,electric_bike,2025-03-12 17:13:31.239,2025-03-12 17:15:50.036,Ellis Ave & 58th St,TA1309000011,Woodlawn Ave & 58th St,22002,41.788746,-87.601334,41.789381,-87.596479,member,2.313283333333333,Wednesday,March
2B1182F3A9B1BFE9,classic_bike,2025-03-12 12:33:14.265,2025-03-12 12:43:34.559,Ellis Ave & 58th St,TA1309000011,Woodlawn Ave & 58th St,22002,41.788746,-87.601334,41.789381,-87.596479,member,10.338233333333333,Wednesday,March
F7AF326268BDBA7F,classic_bike,2025-03-31 13:34:18.447,2025-03-31 13:38:31.832,MLK Jr Dr & 29th St,TA1307000139,Indiana Ave & 31st St,TA1308000036,41.842052,-87.617,41.838842,-87.621857,member,4.223083333333333,Monday,March
1DB436B3802B0933,classic_bike,2025-03-17 20:19:32.002,2025-03-17 20:23:09.216,MLK Jr Dr & 29th St,TA1307000139,Indiana Ave & 31st St,TA1308000036,41.842052,-87.617,41.838842,-87.621857,member,3.620233333333333,Monday,March
50697D0C7C7402AA,electric_bike,2025-03-31 02:27:31.628,2025-03-31 02:36:42.836,California Ave & Milwaukee Ave,13084,Public Rack - Monticello Ave & Belmont Ave,500,41.922695,-87.697153,41.939472,-87.718423,member,9.1868,Monday,March
54DA52CC93679C29,electric_bike,2025-03-08 11:47:22.892,2025-03-08 11:50:06.463,Campbell Ave & Montrose Ave,15623,Rockwell St & Eastwood Ave,KA1504000093,41.961524,-87.691177,41.96590013976,-87.6936384935,member,2.726183333333333,Saturday,March
B8928AEE65C92DF2,electric_bike,2025-03-15 08:17:07.313,2025-03-15 08:19:15.442,Campbell Ave & Montrose Ave,15623,Rockwell St & Eastwood Ave,KA1504000093,41.961524,-87.691177,41.96590013976,-87.6936384935,member,2.135483333333333,Saturday,March
A2869E859369F41A,classic_bike,2025-03-04 11:24:48.147,2025-03-04 11:40:23.063,Wabash Ave & Grand Ave,TA1307000117,Wabash Ave & 16th St,SL-012,41.891466,-87.626761,41.860384,-87.625813,member,15.581933333333334,Tuesday,March
67856BB4D65D554D,classic_bike,2025-03-01 18:07:46.226,2025-03-01 18:56:24.691,Ashland Ave & Wellington Ave,13269,Wabash Ave & 16th St,SL-012,41.936083,-87.669807,41.860384,-87.625813,member,48.641083333333334,Saturday,March
4013495C8F39D569,electric_bike,2025-03-26 12:15:33.890,2025-03-26 12:19:00.050,California Ave & Montrose Ave,15622,Rockwell St & Eastwood Ave,KA1504000093,41.961068,-87.695439,41.96590013976,-87.6936384935,casual,3.436,Wednesday,March
BE30DCF81A0EA759,electric_bike,2025-03-26 19:27:17.251,2025-03-26 19:39:52.741,Paulina St & 18th St,TA1307000159,Wabash Ave & 16th St,SL-012,41.857901,-87.668745,41.860384,-87.625813,casual,12.5915,Wednesday,March
C1C65016A05C5BE3,classic_bike,2025-03-13 22:44:07.020,2025-03-13 22:56:50.794,Federal St & Polk St,SL-008,Wabash Ave & 16th St,SL-012,41.87207763285,-87.6295437729,41.860384,-87.625813,casual,12.729566666666667,Thursday,March
459DB86D04F9A95F,electric_bike,2025-03-06 09:07:48.947,2025-03-06 09:10:11.274,State St & 35th St,TA1307000129,Wentworth Ave & 35th St,KA1503000005,41.8310363140161,-87.62679755687714,41.830777,-87.632504,casual,2.3721166666666664,Thursday,March
DC716347AE7A2162,classic_bike,2025-03-09 13:11:14.902,2025-03-09 13:16:01.606,State St & 29th St,13213,Indiana Ave & 31st St,TA1308000036,41.841707,-87.626938,41.838842,-87.621857,member,4.7784,Sunday,March
B6C2D096A2D11385,electric_bike,2025-03-22 17:01:26.115,2025-03-22 17:06:47.332,Federal St & Polk St,SL-008,Wabash Ave & 16th St,SL-012,41.87207763285,-87.6295437729,41.860384,-87.625813,member,5.3536166666666665,Saturday,March
F902C49E7EF474A6,classic_bike,2025-03-27 18:01:16.849,2025-03-27 18:09:35.996,State St & 35th St,TA1307000129,Indiana Ave & 31st St,TA1308000036,41.8310363140161,-87.62679755687714,41.838842,-87.621857,casual,8.319116666666666,Thursday,March
64183486B2180073,electric_bike,2025-03-27 18:00:37.211,2025-03-27 18:10:30.958,State St & 35th St,TA1307000129,Indiana Ave & 31st St,TA1308000036,41.8310363140161,-87.62679755687714,41.838842,-87.621857,casual,9.895783333333332,Thursday,March
A8650488F34F0AA5,classic_bike,2025-03-28 08:56:03.073,2025-03-28 09:05:17.578,Federal St & Polk St,SL-008,Wabash Ave & 16th St,SL-012,41.87207763285,-87.6295437729,41.860384,-87.625813,member,9.24175,Friday,March
FAD642590BF822D2,classic_bike,2025-03-27 07:57:38.276,2025-03-27 08:06:23.871,Federal St & Polk St,SL-008,Wabash Ave & 16th St,SL-012,41.87207763285,-87.6295437729,41.860384,-87.625813,member,8.759916666666667,Thursday,March
A29B21AD1937D894,classic_bike,2025-03-11 08:00:14.621,2025-03-11 08:10:24.740,Federal St & Polk St,SL-008,Wabash Ave & 16th St,SL-012,41.87207763285,-87.6295437729,41.860384,-87.625813,member,10.168650000000001,Tuesday,March
E5D65F4143F57A0E,classic_bike,2025-03-21 08:56:49.598,2025-03-21 09:06:55.364,Federal St & Polk St,SL-008,Wabash Ave & 16th St,SL-012,41.87207763285,-87.6295437729,41.860384,-87.625813,member,10.0961,Friday,March
5D0394E183FEE367,classic_bike,2025-03-22 11:21:00.563,2025-03-22 11:33:39.518,Kedzie Ave & 48th Pl,21382,Mozart St & 55th St,24267,41.8047581237684,-87.70421936879356,41.79375,-87.69472,member,12.64925,Saturday,March
C485F2FE189345F7,electric_bike,2025-03-24 16:26:41.202,2025-03-24 16:34:50.032,Lincoln Ave & Belle Plaine Ave,TA1309000026,Rockwell St & Eastwood Ave,KA1504000093,41.95600355078549,-87.68016144633293,41.96590013976,-87.6936384935,member,8.147166666666667,Monday,March
E4634E3F8A70644D,electric_bike,2025-03-22 08:09:16.325,2025-03-22 08:18:08.793,Kedzie Ave & 48th Pl,21382,Pulaski Rd & Ann Lurie Pl,21340,41.8047581237684,-87.70421936879356,41.81644,-87.7248,member,8.874466666666667,Saturday,March
7999F1EECA242F1C,classic_bike,2025-03-10 12:10:24.359,2025-03-10 12:15:50.504,Central Ave & Chicago Ave,16920,Latrobe Ave & Chicago Ave,642,41.894958,-87.764902,41.894745,-87.756895,member,5.43575,Monday,March
89CB4BD7EAEF5C45,classic_bike,2025-03-25 12:12:59.267,2025-03-25 12:17:36.727,Central Ave & Chicago Ave,16920,Latrobe Ave & Chicago Ave,642,41.894958,-87.764902,41.894745,-87.756895,member,4.624333333333333,Tuesday,March
29A3A022BD230E1B,classic_bike,2025-03-01 12:10:59.060,2025-03-01 12:15:33.834,Central Ave & Chicago Ave,16920,Latrobe Ave & Chicago Ave,642,41.894958,-87.764902,41.894745,-87.756895,member,4.579566666666667,Saturday,March
43C83BA05822FE00,classic_bike,2025-03-08 16:27:59.682,2025-03-08 16:35:21.461,Federal St & Polk St,SL-008,Wabash Ave & 16th St,SL-012,41.87207763285,-87.6295437729,41.860384,-87.625813,member,7.362983333333333,Saturday,March
93B531238A7276F0,electric_bike,2025-03-18 19:53:30.109,2025-03-18 19:58:57.035,Federal St & Polk St,SL-008,Wabash Ave & 16th St,SL-012,41.87207763285,-87.6295437729,41.860384,-87.625813,member,5.448766666666667,Tuesday,March
0B0CA5654ED46781,classic_bike,2025-03-01 14:32:31.396,2025-03-01 14:39:20.267,Federal St & Polk St,SL-008,Wabash Ave & 16th St,SL-012,41.87207763285,-87.6295437729,41.860384,-87.625813,member,6.814516666666666,Saturday,March
B924BC48B0D88AF7,classic_bike,2025-03-23 11:35:50.810,2025-03-23 11:44:28.488,Federal St & Polk St,SL-008,Wabash Ave & 16th St,SL-012,41.87207763285,-87.6295437729,41.860384,-87.625813,member,8.627966666666667,Sunday,March
4E13F1DD562F2093,classic_bike,2025-03-26 16:07:12.818,2025-03-26 16:11:29.316,MLK Jr Dr & 29th St,TA1307000139,Indiana Ave & 31st St,TA1308000036,41.842052,-87.617,41.838842,-87.621857,member,4.274966666666667,Wednesday,March
90F9F54161DEB888,electric_bike,2025-03-24 06:09:29.252,2025-03-24 06:12:13.640,MLK Jr Dr & 29th St,TA1307000139,Indiana Ave & 31st St,TA1308000036,41.842052,-87.617,41.838842,-87.621857,member,2.7398000000000002,Monday,March
67A1A09879C6A43E,electric_bike,2025-03-03 06:12:13.462,2025-03-03 06:14:58.378,MLK Jr Dr & 29th St,TA1307000139,Indiana Ave & 31st St,TA1308000036,41.842052,-87.617,41.838842,-87.621857,member,2.7486,Monday,March
1CF8F59302D050E4,classic_bike,2025-03-16 14:19:19.762,2025-03-16 14:22:54.601,MLK Jr Dr & 29th St,TA1307000139,Indiana Ave & 31st St,TA1308000036,41.842052,-87.617,41.838842,-87.621857,member,3.58065,Sunday,March
10A84CD4004A9832,electric_bike,2025-03-25 14:00:41.580,2025-03-25 14:03:00.100,MLK Jr Dr & 29th St,TA1307000139,Indiana Ave & 31st St,TA1308000036,41.842052,-87.617,41.838842,-87.621857,member,2.308666666666667,Tuesday,March
77E301A0E7344638,classic_bike,2025-03-27 13:23:14.673,2025-03-27 13:41:14.338,Wabash Ave & Cermak Rd,TA1305000001,Wentworth Ave & 35th St,KA1503000005,41.852619,-87.626488,41.830777,-87.632504,member,17.994416666666666,Thursday,March
8547A0A6FB3AA492,classic_bike,2025-03-15 18:03:33.713,2025-03-15 18:07:28.485,MLK Jr Dr & 29th St,TA1307000139,Indiana Ave & 31st St,TA1308000036,41.842052,-87.617,41.838842,-87.621857,member,3.9128666666666665,Saturday,March
B97E549B1F4E9D61,electric_bike,2025-03-03 15:01:39.158,2025-03-03 15:04:39.746,MLK Jr Dr & 29th St,TA1307000139,Indiana Ave & 31st St,TA1308000036,41.842052,-87.617,41.838842,-87.621857,member,3.0098,Monday,March
0D58F1CB322A9775,classic_bike,2025-03-31 15:15:46.596,2025-03-31 15:19:18.036,MLK Jr Dr & 29th St,TA1307000139,Indiana Ave & 31st St,TA1308000036,41.842052,-87.617,41.838842,-87.621857,member,3.524,Monday,March
D2DA843DFBD6EE56,electric_bike,2025-03-26 16:39:53.019,2025-03-26 16:42:36.392,MLK Jr Dr & 29th St,TA1307000139,Indiana Ave & 31st St,TA1308000036,41.842052,-87.617,41.838842,-87.621857,member,2.7228833333333333,Wednesday,March
8361E6370FCA1EC3,electric_bike,2025-03-26 09:22:13.814,2025-03-26 09:24:42.181,MLK Jr Dr & 29th St,TA1307000139,Indiana Ave & 31st St,TA1308000036,41.842052,-87.617,41.838842,-87.621857,member,2.472783333333333,Wednesday,March
06723065EFE89658,electric_bike,2025-03-12 09:29:21.815,2025-03-12 09:31:35.576,MLK Jr Dr & 29th St,TA1307000139,Indiana Ave & 31st St,TA1308000036,41.842052,-87.617,41.838842,-87.621857,member,2.2293499999999997,Wednesday,March
73DF7D3FC02D3205,classic_bike,2025-03-27 13:38:16.028,2025-03-27 13:41:45.310,MLK Jr Dr & 29th St,TA1307000139,Indiana Ave & 31st St,TA1308000036,41.842052,-87.617,41.838842,-87.621857,member,3.4880333333333335,Thursday,March
78E7E15D2D019187,classic_bike,2025-03-18 19:26:52.969,2025-03-18 19:32:03.572,MLK Jr Dr & 29th St,TA1307000139,Indiana Ave & 31st St,TA1308000036,41.842052,-87.617,41.838842,-87.621857,member,5.176716666666667,Tuesday,March
331889780006A447,classic_bike,2025-03-31 11:50:53.423,2025-03-31 11:55:20.754,MLK Jr Dr & 29th St,TA1307000139,Indiana Ave & 31st St,TA1308000036,41.842052,-87.617,41.838842,-87.621857,member,4.455516666666667,Monday,March
1EFEFB87F5C2DF78,electric_bike,2025-03-10 01:30:34.001,2025-03-10 01:34:14.169,Richmond St & 59th St,21388,St Louis Ave & 59th St,21387,41.78649,-87.69733,41.78589,-87.71057,casual,3.6694666666666667,Monday,March
E0935185C952A55A,classic_bike,2025-03-17 18:25:08.278,2025-03-17 18:37:52.906,Wabash Ave & Cermak Rd,TA1305000001,Indiana Ave & 31st St,TA1308000036,41.852619,-87.626488,41.838842,-87.621857,member,12.7438,Monday,March
A4CF915BC98C737F,classic_bike,2025-03-30 13:50:37.057,2025-03-30 14:15:10.798,MLK Jr Dr & 29th St,TA1307000139,Indiana Ave & 31st St,TA1308000036,41.842052,-87.617,41.838842,-87.621857,member,24.56235,Sunday,March
329549F3FFF3D362,classic_bike,2025-03-25 13:40:36.579,2025-03-25 13:43:43.941,MLK Jr Dr & 29th St,TA1307000139,Indiana Ave & 31st St,TA1308000036,41.842052,-87.617,41.838842,-87.621857,member,3.1227,Tuesday,March
2567B2D3D72B7BAF,classic_bike,2025-03-27 12:22:19.721,2025-03-27 12:26:03.075,MLK Jr Dr & 29th St,TA1307000139,Indiana Ave & 31st St,TA1308000036,41.842052,-87.617,41.838842,-87.621857,member,3.722566666666667,Thursday,March
1D4180C0EBC8F795,classic_bike,2025-03-21 07:47:03.227,2025-03-21 07:51:56.635,MLK Jr Dr & 29th St,TA1307000139,Indiana Ave & 31st St,TA1308000036,41.842052,-87.617,41.838842,-87.621857,member,4.890133333333334,Friday,March
89ECAB02A34FCCA2,classic_bike,2025-03-13 08:41:52.340,2025-03-13 08:46:25.464,MLK Jr Dr & 29th St,TA1307000139,Indiana Ave & 31st St,TA1308000036,41.842052,-87.617,41.838842,-87.621857,member,4.552066666666667,Thursday,March
97CF470121DFA697,electric_bike,2025-03-03 13:10:19.434,2025-03-03 13:12:23.788,MLK Jr Dr & 29th St,TA1307000139,Indiana Ave & 31st St,TA1308000036,41.842052,-87.617,41.838842,-87.621857,member,2.0725666666666664,Monday,March
EF77D66D175500EC,electric_bike,2025-03-18 16:19:25.499,2025-03-18 16:22:50.861,MLK Jr Dr & 29th St,TA1307000139,Indiana Ave & 31st St,TA1308000036,41.842052,-87.617,41.838842,-87.621857,member,3.4227,Tuesday,March
E013BF912673D46C,electric_bike,2025-03-11 15:06:42.997,2025-03-11 15:09:44.606,MLK Jr Dr & 29th St,TA1307000139,Indiana Ave & 31st St,TA1308000036,41.842052,-87.617,41.838842,-87.621857,member,3.026816666666667,Tuesday,March
AEF73BB569C0FBF7,classic_bike,2025-03-17 17:37:52.881,2025-03-17 17:44:08.483,MLK Jr Dr & 29th St,TA1307000139,Indiana Ave & 31st St,TA1308000036,41.842052,-87.617,41.838842,-87.621857,member,6.260033333333333,Monday,March
5A96E6515F7F2EB7,classic_bike,2025-03-15 20:31:28.960,2025-03-15 20:38:52.456,Wabash Ave & Cermak Rd,TA1305000001,Indiana Ave & 31st St,TA1308000036,41.852619,-87.626488,41.838842,-87.621857,member,7.3915999999999995,Saturday,March
4AE46A3266433367,classic_bike,2025-03-18 15:55:50.677,2025-03-18 16:05:15.515,Wabash Ave & Cermak Rd,TA1305000001,Indiana Ave & 31st St,TA1308000036,41.852619,-87.626488,41.838842,-87.621857,member,9.413966666666665,Tuesday,March
D4EFFE4F2D9CF84D,classic_bike,2025-03-04 15:12:34.968,2025-03-04 15:18:44.167,MLK Jr Dr & 29th St,TA1307000139,Indiana Ave & 31st St,TA1308000036,41.842052,-87.617,41.838842,-87.621857,member,6.153316666666667,Tuesday,March
68FD393CCEA93774,classic_bike,2025-03-04 16:43:38.627,2025-03-04 16:52:13.753,Wabash Ave & Cermak Rd,TA1305000001,Indiana Ave & 31st St,TA1308000036,41.852619,-87.626488,41.838842,-87.621857,member,8.585433333333333,Tuesday,March
C6D732688066C875,classic_bike,2025-03-17 15:52:49.238,2025-03-17 16:01:17.930,Wabash Ave & Cermak Rd,TA1305000001,Indiana Ave & 31st St,TA1308000036,41.852619,-87.626488,41.838842,-87.621857,member,8.4782,Monday,March
A24BA40AFB924468,classic_bike,2025-03-14 15:55:11.494,2025-03-14 16:04:25.257,Wabash Ave & Cermak Rd,TA1305000001,Indiana Ave & 31st St,TA1308000036,41.852619,-87.626488,41.838842,-87.621857,member,9.229383333333335,Friday,March
B7C641BE426CAB99,classic_bike,2025-03-03 16:00:27.838,2025-03-03 16:10:33.252,Wabash Ave & Cermak Rd,TA1305000001,Indiana Ave & 31st St,TA1308000036,41.852619,-87.626488,41.838842,-87.621857,member,10.090233333333334,Monday,March
5E491C0E97B8C823,classic_bike,2025-03-07 15:55:34.285,2025-03-07 16:05:07.803,Wabash Ave & Cermak Rd,TA1305000001,Indiana Ave & 31st St,TA1308000036,41.852619,-87.626488,41.838842,-87.621857,member,9.558633333333335,Friday,March
8E4E2AFB5289CF1D,classic_bike,2025-03-05 16:07:48.982,2025-03-05 16:16:12.958,Wabash Ave & Cermak Rd,TA1305000001,Indiana Ave & 31st St,TA1308000036,41.852619,-87.626488,41.838842,-87.621857,member,8.3996,Wednesday,March
CF4369761F7FF7A7,electric_bike,2025-03-02 18:06:29.883,2025-03-02 18:09:11.272,Ellis Ave & 60th St,KA1503000014,Woodlawn Ave & 58th St,22002,41.78509714636,-87.6010727606,41.789381,-87.596479,member,2.6898166666666667,Sunday,March
073CAD5BF8B00B8C,electric_bike,2025-03-28 00:32:28.915,2025-03-28 00:41:34.828,California Ave & Milwaukee Ave,13084,Public Rack - Monticello Ave & Belmont Ave,500,41.922695,-87.697153,41.939472,-87.718423,member,9.09855,Friday,March
F3B9013CD676D342,electric_bike,2025-03-14 15:48:45.935,2025-03-14 15:55:55.372,Public Rack - Harlem & Summerdale,1188.0,Public Rack - Melvina & Foster,1200.0,41.977855563,-87.806785703,41.975596,-87.783484,casual,7.157283333333334,Friday,March
34EE3AC8BF51E4AA,classic_bike,2025-03-10 10:07:16.671,2025-03-10 12:00:55.419,Western Ave & Roscoe St,15634,Woodlawn Ave & 58th St,22002,41.943034,-87.687288,41.789381,-87.596479,casual,113.6458,Monday,March
201C07AAB783D7FE,electric_bike,2025-03-28 17:43:20.170,2025-03-28 17:52:31.288,Kedzie Ave & 48th Pl,21382,St Louis Ave & 59th St,21387,41.8047581237684,-87.70421936879356,41.78589,-87.71057,member,9.185300000000002,Friday,March
A074BCB5E0ACA2A0,electric_bike,2025-03-18 17:54:17.318,2025-03-18 18:03:40.612,Kedzie Ave & 48th Pl,21382,St Louis Ave & 59th St,21387,41.8047581237684,-87.70421936879356,41.78589,-87.71057,member,9.388233333333334,Tuesday,March
1A3E3C9514923C42,electric_bike,2025-03-04 18:06:39.881,2025-03-04 18:15:33.661,Kedzie Ave & 48th Pl,21382,St Louis Ave & 59th St,21387,41.8047581237684,-87.70421936879356,41.78589,-87.71057,member,8.896333333333333,Tuesday,March
452F98620D96E270,electric_bike,2025-03-06 17:06:31.251,2025-03-06 17:15:20.272,Kedzie Ave & 48th Pl,21382,St Louis Ave & 59th St,21387,41.8047581237684,-87.70421936879356,41.78589,-87.71057,member,8.817016666666666,Thursday,March
2E4D87F88127F564,electric_bike,2025-03-17 17:55:26.934,2025-03-17 18:03:59.381,Kedzie Ave & 48th Pl,21382,St Louis Ave & 59th St,21387,41.8047581237684,-87.70421936879356,41.78589,-87.71057,member,8.540783333333334,Monday,March
79563020ADE911B9,electric_bike,2025-03-10 14:41:37.090,2025-03-10 14:50:49.839,Kedzie Ave & 48th Pl,21382,St Louis Ave & 59th St,21387,41.8047581237684,-87.70421936879356,41.78589,-87.71057,member,9.212483333333333,Monday,March
320DE3E87F80BD5C,electric_bike,2025-03-27 17:32:14.548,2025-03-27 17:39:45.560,Kedzie Ave & 48th Pl,21382,St Louis Ave & 59th St,21387,41.8047581237684,-87.70421936879356,41.78589,-87.71057,member,7.516866666666667,Thursday,March
2C422AA9BFE69315,electric_bike,2025-03-21 18:03:49.494,2025-03-21 18:12:34.386,Kedzie Ave & 48th Pl,21382,St Louis Ave & 59th St,21387,41.8047581237684,-87.70421936879356,41.78589,-87.71057,member,8.7482,Friday,March
AE4191EE8887D4FC,electric_bike,2025-03-24 14:12:03.051,2025-03-24 14:20:15.229,Kedzie Ave & 48th Pl,21382,St Louis Ave & 59th St,21387,41.8047581237684,-87.70421936879356,41.78589,-87.71057,member,8.202966666666667,Monday,March
2A06376D3A4A9EDC,electric_bike,2025-03-12 17:25:53.565,2025-03-12 17:33:43.594,Kedzie Ave & 48th Pl,21382,St Louis Ave & 59th St,21387,41.8047581237684,-87.70421936879356,41.78589,-87.71057,member,7.833816666666666,Wednesday,March
BC5B17D61793AEB9,electric_bike,2025-03-19 17:09:23.509,2025-03-19 17:17:58.180,Kedzie Ave & 48th Pl,21382,St Louis Ave & 59th St,21387,41.8047581237684,-87.70421936879356,41.78589,-87.71057,member,8.577850000000002,Wednesday,March
F6263C7788A48963,electric_bike,2025-03-21 21:07:18.377,2025-03-21 21:12:24.006,Federal St & Polk St,SL-008,Wabash Ave & 16th St,SL-012,41.87207763285,-87.6295437729,41.860384,-87.625813,member,5.093816666666667,Friday,March
798EC70C183C0040,electric_bike,2025-03-06 09:02:34.980,2025-03-06 09:07:22.748,MLK Jr Dr & 29th St,TA1307000139,Indiana Ave & 31st St,TA1308000036,41.842052,-87.617,41.838842,-87.621857,member,4.796133333333333,Thursday,March
E83293E48F649A79,electric_bike,2025-03-20 12:56:34.041,2025-03-20 12:59:54.223,MLK Jr Dr & 29th St,TA1307000139,Indiana Ave & 31st St,TA1308000036,41.842052,-87.617,41.838842,-87.621857,member,3.3363666666666663,Thursday,March
A321498B4FEAABFF,electric_bike,2025-03-30 20:07:16.166,2025-03-30 20:20:30.953,Lincoln Ave & Sunnyside Ave,TA1307000156,Knox Ave & Montrose Ave,592,41.963004,-87.684781,41.960631,-87.745359,casual,13.246450000000001,Sunday,March
350B3A9F97C6EC07,classic_bike,2025-03-28 10:32:21.178,2025-03-28 10:37:14.182,MLK Jr Dr & 29th St,TA1307000139,Indiana Ave & 31st St,TA1308000036,41.842052,-87.617,41.838842,-87.621857,casual,4.8834,Friday,March
8B32E8F5B77F17A7,classic_bike,2025-03-29 13:55:00.338,2025-03-29 13:59:17.263,MLK Jr Dr & 29th St,TA1307000139,Indiana Ave & 31st St,TA1308000036,41.842052,-87.617,41.838842,-87.621857,member,4.2820833333333335,Saturday,March
56D644F528B4AA4E,classic_bike,2025-03-09 06:01:12.510,2025-03-09 06:05:00.422,MLK Jr Dr & 29th St,TA1307000139,Indiana Ave & 31st St,TA1308000036,41.842052,-87.617,41.838842,-87.621857,member,3.7985333333333333,Sunday,March
E20BD3779AF121C4,electric_bike,2025-03-22 14:50:32.288,2025-03-22 14:54:44.943,Lincoln Ave & Sunnyside Ave,TA1307000156,Rockwell St & Eastwood Ave,KA1504000093,41.963004,-87.684781,41.96590013976,-87.6936384935,member,4.210916666666667,Saturday,March
29F2406018DCD311,classic_bike,2025-03-13 09:11:51.049,2025-03-13 09:15:36.807,MLK Jr Dr & 29th St,TA1307000139,Indiana Ave & 31st St,TA1308000036,41.842052,-87.617,41.838842,-87.621857,member,3.7626333333333335,Thursday,March
044E34D1DD15401E,electric_bike,2025-03-14 12:23:36.554,2025-03-14 12:25:45.719,California Ave & Montrose Ave,15622,Rockwell St & Eastwood Ave,KA1504000093,41.961068,-87.695439,41.96590013976,-87.6936384935,member,2.1527499999999997,Friday,March
ABB438697798CAB7,electric_bike,2025-03-07 12:54:16.923,2025-03-07 12:56:23.110,California Ave & Montrose Ave,15622,Rockwell St & Eastwood Ave,KA1504000093,41.961068,-87.695439,41.96590013976,-87.6936384935,member,2.1031166666666667,Friday,March
F78EFB6E3B555AB7,classic_bike,2025-03-28 13:52:33.056,2025-03-28 14:19:08.645,Stockton Dr & Wrightwood Ave,13276,Stockton Dr & Wrightwood Ave,13276,41.93132,-87.638742,41.93132,-87.638742,member,26.593149999999998,Friday,March
FD71914A1425E0A8,classic_bike,2025-03-29 16:55:17.783,2025-03-29 17:08:55.601,Wells St & Walton St,TA1306000011,Wells St & Walton St,TA1306000011,41.89993001,-87.63443007,41.89993001,-87.63443007,member,13.6303,Saturday,March
ED6B6B454DDB78BE,classic_bike,2025-03-15 11:56:04.966,2025-03-15 12:32:44.820,Long Ave & Diversey Ave,24326,Long Ave & Diversey Ave,24326,41.93104,-87.76124,41.93104,-87.76124,casual,36.66423333333333,Saturday,March
38492CE2AED88B52,classic_bike,2025-03-29 00:43:16.314,2025-03-29 01:04:04.741,State St & 19th St,SL-013,Wabash Ave & 16th St,SL-012,41.856594,-87.627542,41.860384,-87.625813,casual,20.807116666666666,Saturday,March
A289A57FB9C9AB7B,classic_bike,2025-03-26 13:30:35.134,2025-03-26 13:44:56.939,Stockton Dr & Wrightwood Ave,13276,Stockton Dr & Wrightwood Ave,13276,41.93132,-87.638742,41.93132,-87.638742,member,14.363416666666666,Wednesday,March
07432E70EDA56399,classic_bike,2025-03-30 10:04:36.463,2025-03-30 10:08:06.367,Stockton Dr & Wrightwood Ave,13276,Stockton Dr & Wrightwood Ave,13276,41.93132,-87.638742,41.93132,-87.638742,member,3.4983999999999997,Sunday,March
F3BE3B6E872B45ED,electric_bike,2025-03-27 14:57:22.504,2025-03-27 15:08:33.277,Stockton Dr & Wrightwood Ave,13276,Stockton Dr & Wrightwood Ave,13276,41.93132,-87.638742,41.93132,-87.638742,member,11.17955,Thursday,March
D845E5045AF67B5D,electric_bike,2025-03-25 20:15:00.304,2025-03-25 20:28:13.543,Damen Ave & Charleston St,13288,Damen Ave & Charleston St,13288,41.920082,-87.677855,41.920082,-87.677855,member,13.220650000000001,Tuesday,March
DDA12863AABBA0A9,classic_bike,2025-03-13 04:48:37.233,2025-03-13 04:58:09.230,Damen Ave & Charleston St,13288,Damen Ave & Charleston St,13288,41.920082,-87.677855,41.920082,-87.677855,member,9.533283333333333,Thursday,March
BA81B481FBF6908D,electric_bike,2025-03-20 13:11:26.085,2025-03-20 13:24:03.021,Damen Ave & Charleston St,13288,Damen Ave & Charleston St,13288,41.920082,-87.677855,41.920082,-87.677855,member,12.6156,Thursday,March
8FD08F9E6EF0398D,electric_bike,2025-03-26 17:03:17.508,2025-03-26 17:07:14.916,Wells St & Walton St,TA1306000011,Wells St & Walton St,TA1306000011,41.89993001,-87.63443007,41.89993001,-87.63443007,member,3.9568,Wednesday,March
6057CF59AFFDE66D,classic_bike,2025-03-19 17:37:37.785,2025-03-19 17:45:47.187,Stockton Dr & Wrightwood Ave,13276,Stockton Dr & Wrightwood Ave,13276,41.93132,-87.638742,41.93132,-87.638742,casual,8.156699999999999,Wednesday,March
0AC840829FFD7891,classic_bike,2025-03-15 11:26:40.927,2025-03-15 11:30:46.995,Rush St & Cedar St,KA1504000133,Wells St & Walton St,TA1306000011,41.90230870122,-87.627690528,41.89993001,-87.63443007,casual,4.101133333333333,Saturday,March
D7FDDF34E8E6A0EA,classic_bike,2025-03-29 11:15:13.005,2025-03-29 11:21:38.716,Rush St & Cedar St,KA1504000133,Rush St & Cedar St,KA1504000133,41.90230870122,-87.627690528,41.90230870122,-87.627690528,casual,6.428516666666667,Saturday,March
DCEAD677B0A55589,classic_bike,2025-03-29 11:15:06.554,2025-03-29 11:21:12.269,Rush St & Cedar St,KA1504000133,Rush St & Cedar St,KA1504000133,41.90230870122,-87.627690528,41.90230870122,-87.627690528,casual,6.095249999999999,Saturday,March
D47564F14A06709B,classic_bike,2025-03-13 12:43:34.458,2025-03-13 13:06:58.517,Wells St & Walton St,TA1306000011,Wells St & Walton St,TA1306000011,41.89993001,-87.63443007,41.89993001,-87.63443007,casual,23.400983333333333,Thursday,March
0A802BCC8698A5F1,classic_bike,2025-03-08 14:26:06.215,2025-03-08 15:23:32.325,Damen Ave & Charleston St,13288,Damen Ave & Charleston St,13288,41.920082,-87.677855,41.920082,-87.677855,casual,57.43516666666667,Saturday,March
A5A93919260E5F6C,classic_bike,2025-03-03 17:44:15.557,2025-03-03 18:08:15.860,Stockton Dr & Wrightwood Ave,13276,Stockton Dr & Wrightwood Ave,13276,41.93132,-87.638742,41.93132,-87.638742,casual,24.00505,Monday,March
42844819F0A99CCA,classic_bike,2025-03-14 18:39:12.405,2025-03-14 19:00:49.318,Rush St & Cedar St,KA1504000133,Stockton Dr & Wrightwood Ave,13276,41.90230870122,-87.627690528,41.93132,-87.638742,casual,21.615216666666665,Friday,March
8742EE5AF7BE041D,electric_bike,2025-03-27 01:58:42.859,2025-03-27 02:02:39.737,Wells St & Walton St,TA1306000011,Rush St & Cedar St,KA1504000133,41.89993001,-87.63443007,41.90230870122,-87.627690528,casual,3.9479666666666664,Thursday,March
B021E8269FD00DC0,electric_bike,2025-03-27 12:57:38.761,2025-03-27 13:02:37.362,Rush St & Cedar St,KA1504000133,Wells St & Walton St,TA1306000011,41.90230870122,-87.627690528,41.89993001,-87.63443007,casual,4.976683333333333,Thursday,March
5F09E4489FB1353C,electric_bike,2025-03-25 12:54:31.887,2025-03-25 13:02:38.487,Rush St & Cedar St,KA1504000133,Stockton Dr & Wrightwood Ave,13276,41.90230870122,-87.627690528,41.93132,-87.638742,member,8.110000000000001,Tuesday,March
D9A82093371C5C19,classic_bike,2025-03-09 13:54:45.457,2025-03-09 14:07:35.529,Damen Ave & Charleston St,13288,Damen Ave & Charleston St,13288,41.920082,-87.677855,41.920082,-87.677855,casual,12.834533333333333,Sunday,March
9E076ECA87B70D37,classic_bike,2025-03-09 17:15:36.326,2025-03-09 17:16:54.714,Stockton Dr & Wrightwood Ave,13276,Stockton Dr & Wrightwood Ave,13276,41.93132,-87.638742,41.93132,-87.638742,casual,1.3064666666666667,Sunday,March
A610F2F7596F958B,classic_bike,2025-03-09 17:15:41.231,2025-03-09 17:17:25.552,Stockton Dr & Wrightwood Ave,13276,Stockton Dr & Wrightwood Ave,13276,41.93132,-87.638742,41.93132,-87.638742,casual,1.7386833333333334,Sunday,March
A8A08DE2365B3DE3,classic_bike,2025-03-03 18:29:30.997,2025-03-03 18:59:22.768,Stockton Dr & Wrightwood Ave,13276,Stockton Dr & Wrightwood Ave,13276,41.93132,-87.638742,41.93132,-87.638742,member,29.862849999999998,Monday,March
95F056C326D9D571,classic_bike,2025-03-18 18:08:58.846,2025-03-18 18:43:34.266,Stockton Dr & Wrightwood Ave,13276,Stockton Dr & Wrightwood Ave,13276,41.93132,-87.638742,41.93132,-87.638742,member,34.590333333333334,Tuesday,March
DEA18CF47557B5C1,classic_bike,2025-03-10 08:26:59.259,2025-03-10 08:30:52.419,Rush St & Cedar St,KA1504000133,Wells St & Walton St,TA1306000011,41.90230870122,-87.627690528,41.89993001,-87.63443007,member,3.886,Monday,March
FC9B1589BF00CB46,electric_bike,2025-03-11 06:08:56.072,2025-03-11 06:10:15.746,Stockton Dr & Wrightwood Ave,13276,Stockton Dr & Wrightwood Ave,13276,41.93132,-87.638742,41.93132,-87.638742,member,1.3279,Tuesday,March
C48D321A5AF37EF9,classic_bike,2025-03-29 13:19:25.370,2025-03-29 13:27:55.325,Rush St & Cedar St,KA1504000133,Rush St & Cedar St,KA1504000133,41.90230870122,-87.627690528,41.90230870122,-87.627690528,member,8.49925,Saturday,March
9181E3AC61921BEB,classic_bike,2025-03-08 09:04:45.797,2025-03-08 09:12:51.466,Rush St & Cedar St,KA1504000133,Rush St & Cedar St,KA1504000133,41.90230870122,-87.627690528,41.90230870122,-87.627690528,member,8.094483333333333,Saturday,March
78FB2249FA2E25A1,classic_bike,2025-03-15 11:24:16.806,2025-03-15 11:30:18.754,Rush St & Cedar St,KA1504000133,Wells St & Walton St,TA1306000011,41.90230870122,-87.627690528,41.89993001,-87.63443007,member,6.032466666666666,Saturday,March
27F1FA8C3AB2B047,classic_bike,2025-03-30 17:13:47.481,2025-03-30 17:45:31.251,Stockton Dr & Wrightwood Ave,13276,Stockton Dr & Wrightwood Ave,13276,41.93132,-87.638742,41.93132,-87.638742,member,31.729499999999998,Sunday,March
53E476E3AD0ECE92,classic_bike,2025-03-26 22:41:03.035,2025-03-26 22:53:14.375,Stockton Dr & Wrightwood Ave,13276,Rush St & Cedar St,KA1504000133,41.93132,-87.638742,41.90230870122,-87.627690528,member,12.189,Wednesday,March
CCB3B6ECA8ACE32C,classic_bike,2025-03-14 14:19:16.569,2025-03-14 15:53:05.627,Peterson/Ridge Metra,24458,Peterson/Ridge Metra,24458,41.9918,-87.67489,41.9918,-87.67489,member,93.81763333333333,Friday,March
0991558B23AC3DF5,electric_bike,2025-03-14 16:38:52.751,2025-03-14 18:05:00.425,Stockton Dr & Wrightwood Ave,13276,Stockton Dr & Wrightwood Ave,13276,41.93132,-87.638742,41.93132,-87.638742,member,86.1279,Friday,March
101D4D0846119B30,classic_bike,2025-03-16 13:05:18.126,2025-03-16 13:07:29.872,Stockton Dr & Wrightwood Ave,13276,Stockton Dr & Wrightwood Ave,13276,41.93132,-87.638742,41.93132,-87.638742,member,2.1957666666666666,Sunday,March
1B419B58C4AFA641,electric_bike,2025-03-24 20:17:29.887,2025-03-24 20:18:51.045,Damen Ave & Charleston St,13288,Damen Ave & Charleston St,13288,41.920128822,-87.677917004,41.920082,-87.677855,member,1.3526333333333334,Monday,March
6545E2632DF1FC7C,classic_bike,2025-03-15 15:09:48.887,2025-03-15 15:32:52.291,Stockton Dr & Wrightwood Ave,13276,Rush St & Cedar St,KA1504000133,41.93132,-87.638742,41.90230870122,-87.627690528,member,23.056733333333334,Saturday,March
B22C66F957877AF6,classic_bike,2025-03-10 18:55:44.481,2025-03-10 19:48:15.710,Wells St & Walton St,TA1306000011,Wells St & Walton St,TA1306000011,41.89993001,-87.63443007,41.89993001,-87.63443007,member,52.52048333333333,Monday,March
A1DCF796C9125E46,classic_bike,2025-03-27 12:56:08.065,2025-03-27 13:09:55.782,Western Ave & Roscoe St,15634,Damen Ave & Charleston St,13288,41.943034,-87.687288,41.920082,-87.677855,member,13.795283333333334,Thursday,March
456ECC8997276ABF,classic_bike,2025-03-26 11:59:10.367,2025-03-26 12:09:38.528,California Ave & Milwaukee Ave,13084,Damen Ave & Charleston St,13288,41.922695,-87.697153,41.920082,-87.677855,member,10.469349999999999,Wednesday,March
414F4292E9CDEE86,electric_bike,2025-03-15 06:40:58.336,2025-03-15 06:48:53.946,Damen Ave & Charleston St,13288,Damen Ave & Charleston St,13288,41.920082,-87.677855,41.920082,-87.677855,member,7.926833333333334,Saturday,March
2573B88106F4B5B2,classic_bike,2025-03-22 18:38:27.305,2025-03-22 18:40:57.167,Wells St & Walton St,TA1306000011,Wells St & Walton St,TA1306000011,41.89993001,-87.63443007,41.89993001,-87.63443007,member,2.4977,Saturday,March
E4159666A7A243C6,classic_bike,2025-03-15 10:20:55.211,2025-03-15 10:22:44.406,Stockton Dr & Wrightwood Ave,13276,Stockton Dr & Wrightwood Ave,13276,41.93132,-87.638742,41.93132,-87.638742,member,1.8199166666666666,Saturday,March
3E2D8C44CA4707DF,electric_bike,2025-03-18 13:18:15.630,2025-03-18 13:31:07.953,Damen Ave & Charleston St,13288,Damen Ave & Charleston St,13288,41.920082,-87.677855,41.920082,-87.677855,member,12.87205,Tuesday,March
0A2D7C63344859DE,classic_bike,2025-03-05 14:38:36.401,2025-03-05 15:00:43.878,Rush St & Cedar St,KA1504000133,Rush St & Cedar St,KA1504000133,41.90230870122,-87.627690528,41.90230870122,-87.627690528,member,22.124616666666668,Wednesday,March
76B89F5113B660E5,classic_bike,2025-03-15 07:52:43.886,2025-03-15 08:09:24.500,Wells St & Walton St,TA1306000011,Wells St & Walton St,TA1306000011,41.89993001,-87.63443007,41.89993001,-87.63443007,casual,16.6769,Saturday,March
70D1EAF2A1F1C349,classic_bike,2025-03-30 13:02:31.387,2025-03-30 14:09:00.279,Wells St & Walton St,TA1306000011,Wells St & Walton St,TA1306000011,41.89993001,-87.63443007,41.89993001,-87.63443007,member,66.48153333333333,Sunday,March
BBCE86698BC38F48,classic_bike,2025-03-29 16:28:48.119,2025-03-29 16:32:55.813,Rush St & Cedar St,KA1504000133,Wells St & Walton St,TA1306000011,41.90230870122,-87.627690528,41.89993001,-87.63443007,casual,4.128233333333333,Saturday,March
53D36D1E7F9F6A0A,classic_bike,2025-03-08 14:25:50.208,2025-03-08 15:23:35.081,Damen Ave & Charleston St,13288,Damen Ave & Charleston St,13288,41.920082,-87.677855,41.920082,-87.677855,casual,57.747883333333334,Saturday,March
6C4CEC0EAA988999,classic_bike,2025-03-08 16:01:58.651,2025-03-08 17:19:47.647,Stockton Dr & Wrightwood Ave,13276,Stockton Dr & Wrightwood Ave,13276,41.93132,-87.638742,41.93132,-87.638742,casual,77.81660000000001,Saturday,March
CF145144D63AF346,electric_bike,2025-03-21 11:12:38.456,2025-03-21 11:21:19.308,Peterson/Ridge Metra,24458,Peterson/Ridge Metra,24458,41.9918,-87.67489,41.9918,-87.67489,casual,8.680866666666667,Friday,March
912BA5FEB70E727D,classic_bike,2025-03-15 10:55:36.693,2025-03-15 12:06:58.599,Stockton Dr & Wrightwood Ave,13276,Stockton Dr & Wrightwood Ave,13276,41.93132,-87.638742,41.93132,-87.638742,casual,71.3651,Saturday,March
00DE8DEF70AFEB35,classic_bike,2025-03-15 18:52:15.639,2025-03-15 19:10:10.690,Stockton Dr & Wrightwood Ave,13276,Stockton Dr & Wrightwood Ave,13276,41.93132,-87.638742,41.93132,-87.638742,casual,17.917516666666664,Saturday,March
7754693D1817884E,electric_bike,2025-03-31 19:24:32.531,2025-03-31 19:37:11.336,Rush St & Cedar St,KA1504000133,Stockton Dr & Wrightwood Ave,13276,41.90230870122,-87.627690528,41.93132,-87.638742,casual,12.646749999999999,Monday,March
CCF971EDD53458BE,electric_bike,2025-03-10 20:01:17.062,2025-03-10 20:05:08.690,Wells St & Walton St,TA1306000011,Wells St & Walton St,TA1306000011,41.89993001,-87.63443007,41.89993001,-87.63443007,casual,3.8604666666666665,Monday,March
66FD0241C66F148D,classic_bike,2025-03-10 19:57:51.413,2025-03-10 19:58:54.176,Wells St & Walton St,TA1306000011,Wells St & Walton St,TA1306000011,41.89993001,-87.63443007,41.89993001,-87.63443007,casual,1.04605,Monday,March
62BE333E99CB3669,classic_bike,2025-03-20 16:01:32.329,2025-03-20 16:07:15.498,Wellington Ave & Mulligan Ave,21351,Wellington Ave & Mulligan Ave,21351,41.93473,-87.78436,41.93473,-87.78436,casual,5.719483333333333,Thursday,March
B076828B1306C07E,classic_bike,2025-03-08 13:10:33.801,2025-03-08 13:27:51.547,Damen Ave & Charleston St,13288,Damen Ave & Charleston St,13288,41.920082,-87.677855,41.920082,-87.677855,casual,17.29576666666667,Saturday,March
91FF7CD4EE0FB042,classic_bike,2025-03-14 14:19:50.194,2025-03-14 15:52:49.865,Peterson/Ridge Metra,24458,Peterson/Ridge Metra,24458,41.9918,-87.67489,41.9918,-87.67489,member,92.99451666666667,Friday,March
1F8E42F69FCF47A6,electric_bike,2025-03-15 18:54:32.716,2025-03-15 19:31:14.382,Stockton Dr & Wrightwood Ave,13276,Stockton Dr & Wrightwood Ave,13276,41.93132,-87.638742,41.93132,-87.638742,casual,36.694433333333336,Saturday,March
87AA4AF626911A1F,electric_bike,2025-03-09 17:01:35.106,2025-03-09 18:21:08.830,Peterson/Ridge Metra,24458,Peterson/Ridge Metra,24458,41.9918,-87.67489,41.9918,-87.67489,casual,79.56206666666667,Sunday,March
730DBB15ADDA4430,classic_bike,2025-03-29 11:16:07.761,2025-03-29 11:20:58.754,Rush St & Cedar St,KA1504000133,Rush St & Cedar St,KA1504000133,41.90230870122,-87.627690528,41.90230870122,-87.627690528,casual,4.8498833333333335,Saturday,March
AF94229ED12EDE7D,classic_bike,2025-03-30 17:14:24.714,2025-03-30 17:45:35.869,Stockton Dr & Wrightwood Ave,13276,Stockton Dr & Wrightwood Ave,13276,41.93132,-87.638742,41.93132,-87.638742,member,31.185916666666667,Sunday,March
CFB0B9BB1314B705,classic_bike,2025-03-24 18:23:23.131,2025-03-24 18:51:16.841,Laramie Ave & Irving Park Rd,23163,Laramie Ave & Irving Park Rd,23163,41.9533354,-87.7583844,41.9533354,-87.7583844,casual,27.895166666666668,Monday,March
DA1C06FD797DEC19,electric_bike,2025-03-26 21:46:18.936,2025-03-26 21:56:36.306,Rush St & Cedar St,KA1504000133,Stockton Dr & Wrightwood Ave,13276,41.90230870122,-87.627690528,41.93132,-87.638742,casual,10.2895,Wednesday,March
F43F0F8914E65C95,electric_bike,2025-03-10 13:29:29.523,2025-03-10 13:35:02.360,Rush St & Cedar St,KA1504000133,Rush St & Cedar St,KA1504000133,41.90230870122,-87.627690528,41.90230870122,-87.627690528,casual,5.547283333333334,Monday,March
072A4AC27903961D,classic_bike,2025-03-28 11:33:35.421,2025-03-28 11:53:36.630,Stockton Dr & Wrightwood Ave,13276,Stockton Dr & Wrightwood Ave,13276,41.93132,-87.638742,41.93132,-87.638742,casual,20.02015,Friday,March
AEFA6346BA123E4C,classic_bike,2025-03-20 18:01:15.071,2025-03-20 18:06:24.293,Rush St & Cedar St,KA1504000133,Rush St & Cedar St,KA1504000133,41.90230870122,-87.627690528,41.90230870122,-87.627690528,member,5.1537,Thursday,March
00D45EF7A5FE4EEC,electric_bike,2025-03-03 18:59:24.470,2025-03-03 19:03:04.307,Rush St & Cedar St,KA1504000133,Wells St & Walton St,TA1306000011,41.90230870122,-87.627690528,41.89993001,-87.63443007,member,3.66395,Monday,March
914F4E6520B1B2B9,classic_bike,2025-03-24 20:34:14.178,2025-03-24 20:39:46.888,Wells St & Walton St,TA1306000011,Wells St & Walton St,TA1306000011,41.89993001,-87.63443007,41.89993001,-87.63443007,member,5.545166666666666,Monday,March
B2FBE215F1B778D7,classic_bike,2025-03-29 12:09:13.930,2025-03-29 12:12:48.772,Wells St & Walton St,TA1306000011,Rush St & Cedar St,KA1504000133,41.89993001,-87.63443007,41.90230870122,-87.627690528,member,3.5807,Saturday,March
171D018401F9C7DE,classic_bike,2025-03-13 12:44:39.230,2025-03-13 12:54:26.839,Wells St & Walton St,TA1306000011,Wells St & Walton St,TA1306000011,41.89993001,-87.63443007,41.89993001,-87.63443007,member,9.793483333333334,Thursday,March
C405D619974BB2D8,classic_bike,2025-03-10 18:08:41.545,2025-03-10 18:49:34.473,Stockton Dr & Wrightwood Ave,13276,Stockton Dr & Wrightwood Ave,13276,41.93132,-87.638742,41.93132,-87.638742,member,40.88213333333333,Monday,March
ABB8923B97DFBD96,classic_bike,2025-03-13 09:19:03.674,2025-03-13 09:24:07.332,Rush St & Cedar St,KA1504000133,Wells St & Walton St,TA1306000011,41.90230870122,-87.627690528,41.89993001,-87.63443007,member,5.060966666666667,Thursday,March
086EF74E814F16D4,classic_bike,2025-03-13 09:06:33.596,2025-03-13 09:11:01.545,Wells St & Walton St,TA1306000011,Rush St & Cedar St,KA1504000133,41.89993001,-87.63443007,41.90230870122,-87.627690528,member,4.465816666666667,Thursday,March
48010377187FCBD1,classic_bike,2025-03-29 16:55:16.571,2025-03-29 17:08:41.046,Wells St & Walton St,TA1306000011,Wells St & Walton St,TA1306000011,41.89993001,-87.63443007,41.89993001,-87.63443007,member,13.407916666666667,Saturday,March
581C54A46EE94A82,classic_bike,2025-03-29 15:47:15.516,2025-03-29 16:07:48.254,Stockton Dr & Wrightwood Ave,13276,Rush St & Cedar St,KA1504000133,41.93132,-87.638742,41.90230870122,-87.627690528,member,20.545633333333335,Saturday,March
3FC971ED178C15B1,classic_bike,2025-03-29 08:58:24.669,2025-03-29 08:59:29.568,Stockton Dr & Wrightwood Ave,13276,Stockton Dr & Wrightwood Ave,13276,41.93132,-87.638742,41.93132,-87.638742,member,1.08165,Saturday,March
1801102235B6CD61,classic_bike,2025-03-13 18:43:38.417,2025-03-13 18:57:51.170,Stockton Dr & Wrightwood Ave,13276,Stockton Dr & Wrightwood Ave,13276,41.93132,-87.638742,41.93132,-87.638742,member,14.21255,Thursday,March
C7C6CD2302957177,classic_bike,2025-03-01 11:01:11.236,2025-03-01 11:31:54.387,Rush St & Cedar St,KA1504000133,Stockton Dr & Wrightwood Ave,13276,41.90230870122,-87.627690528,41.93132,-87.638742,member,30.719183333333334,Saturday,March
818055407F5FD185,classic_bike,2025-03-08 10:24:29.136,2025-03-08 10:50:44.245,Rush St & Cedar St,KA1504000133,Stockton Dr & Wrightwood Ave,13276,41.90230870122,-87.627690528,41.93132,-87.638742,member,26.251816666666667,Saturday,March
C20F6925AE3E14DF,classic_bike,2025-03-15 15:10:08.164,2025-03-15 15:33:06.002,Stockton Dr & Wrightwood Ave,13276,Rush St & Cedar St,KA1504000133,41.93132,-87.638742,41.90230870122,-87.627690528,member,22.963966666666668,Saturday,March
27B7024E74644D1C,classic_bike,2025-03-30 10:19:48.293,2025-03-30 10:24:15.791,Wells St & Walton St,TA1306000011,Rush St & Cedar St,KA1504000133,41.89993001,-87.63443007,41.90230870122,-87.627690528,member,4.4582999999999995,Sunday,March
EB0AE9AEB5E60DDA,classic_bike,2025-03-13 00:46:18.549,2025-03-13 00:49:39.716,Mies van der Rohe Way & Chestnut St,15529,Rush St & Cedar St,KA1504000133,41.8985866514,-87.6219152258,41.90230870122,-87.627690528,member,3.3527833333333334,Thursday,March
C09AEA2FEBD26C42,electric_bike,2025-03-21 08:05:49.127,2025-03-21 08:19:17.485,Leavitt St/North Ave,PI00003,Rush St & Cedar St,KA1504000133,41.910077,-87.682306,41.90230870122,-87.627690528,member,13.472633333333333,Friday,March
B67785891926CEB4,classic_bike,2025-03-04 23:30:08.426,2025-03-04 23:33:17.014,Mies van der Rohe Way & Chestnut St,15529,Rush St & Cedar St,KA1504000133,41.8985866514,-87.6219152258,41.90230870122,-87.627690528,member,3.143133333333333,Tuesday,March
E63EF6DD1470B28F,classic_bike,2025-03-22 15:51:43.283,2025-03-22 15:56:14.985,Mies van der Rohe Way & Chestnut St,15529,Rush St & Cedar St,KA1504000133,41.8985866514,-87.6219152258,41.90230870122,-87.627690528,member,4.528366666666667,Saturday,March
3E62B2AEB2F8299B,electric_bike,2025-03-20 20:59:49.968,2025-03-20 21:08:53.459,Sheffield Ave & Fullerton Ave,TA1306000016,Damen Ave & Charleston St,13288,41.9256163,-87.6536574,41.920082,-87.677855,member,9.058183333333334,Thursday,March
CFA6C216BCBF70CD,electric_bike,2025-03-31 08:39:16.690,2025-03-31 08:47:50.448,Sheffield Ave & Fullerton Ave,TA1306000016,Damen Ave & Charleston St,13288,41.9256163,-87.6536574,41.920082,-87.677855,member,8.562633333333334,Monday,March
FD18874BBD8A2659,electric_bike,2025-03-26 13:09:16.825,2025-03-26 13:19:39.966,Sheffield Ave & Fullerton Ave,TA1306000016,Damen Ave & Charleston St,13288,41.9256163,-87.6536574,41.920082,-87.677855,member,10.385683333333333,Wednesday,March
9A264F95A6D5C60E,electric_bike,2025-03-13 16:15:15.171,2025-03-13 16:21:04.741,Wabash Ave & Grand Ave,TA1307000117,Rush St & Cedar St,KA1504000133,41.891466,-87.626761,41.90230870122,-87.627690528,member,5.8261666666666665,Thursday,March
F80DDDA9E8858E37,classic_bike,2025-03-08 12:20:50.468,2025-03-08 12:34:26.280,Damen Ave & Clybourn Ave,13271,Stockton Dr & Wrightwood Ave,13276,41.931931,-87.677856,41.93132,-87.638742,member,13.596866666666667,Saturday,March
B16248994CF5AE71,electric_bike,2025-03-09 17:32:21.009,2025-03-09 17:38:22.829,Wabash Ave & Grand Ave,TA1307000117,Wells St & Walton St,TA1306000011,41.891466,-87.626761,41.89993001,-87.63443007,member,6.030333333333333,Sunday,March
674B86D35D1F02C7,classic_bike,2025-03-20 23:30:00.291,2025-03-20 23:36:39.066,Wabash Ave & Grand Ave,TA1307000117,Rush St & Cedar St,KA1504000133,41.891466,-87.626761,41.90230870122,-87.627690528,member,6.646249999999999,Thursday,March
29F43BDF4C30E0A6,classic_bike,2025-03-13 16:53:35.837,2025-03-13 17:00:34.603,Wabash Ave & Grand Ave,TA1307000117,Rush St & Cedar St,KA1504000133,41.891466,-87.626761,41.90230870122,-87.627690528,member,6.979433333333334,Thursday,March
83C5E17B01F04BDB,classic_bike,2025-03-15 16:04:17.783,2025-03-15 16:16:35.375,Wabash Ave & Grand Ave,TA1307000117,Rush St & Cedar St,KA1504000133,41.891466,-87.626761,41.90230870122,-87.627690528,casual,12.2932,Saturday,March
DD7F57A2020BC2F3,classic_bike,2025-03-08 14:13:04.744,2025-03-08 14:45:19.852,Wabash Ave & Grand Ave,TA1307000117,Rush St & Cedar St,KA1504000133,41.891466,-87.626761,41.90230870122,-87.627690528,member,32.251799999999996,Saturday,March
24A8E42853F10DFA,classic_bike,2025-03-15 16:03:44.366,2025-03-15 16:13:25.855,Wabash Ave & Grand Ave,TA1307000117,Rush St & Cedar St,KA1504000133,41.891466,-87.626761,41.90230870122,-87.627690528,casual,9.691483333333334,Saturday,March
433184E4E2D678B6,electric_bike,2025-03-28 17:52:05.624,2025-03-28 18:19:34.200,Desplaines St & Randolph St,15535,Damen Ave & Charleston St,13288,41.883703,-87.644238,41.920082,-87.677855,casual,27.476266666666668,Friday,March
63DC8023CB6CEE6A,electric_bike,2025-03-08 14:20:43.271,2025-03-08 14:28:07.749,Wabash Ave & Grand Ave,TA1307000117,Rush St & Cedar St,KA1504000133,41.891466,-87.626761,41.90230870122,-87.627690528,casual,7.407966666666667,Saturday,March
6E48E1ECA69F04A9,electric_bike,2025-03-10 14:59:17.950,2025-03-10 15:03:41.624,Damen Ave & Clybourn Ave,13271,Damen Ave & Charleston St,13288,41.931931,-87.677856,41.920082,-87.677855,member,4.394566666666666,Monday,March
00DA176726D9EAF4,classic_bike,2025-03-14 15:05:39.599,2025-03-14 15:11:32.319,Clark St & Schreiber Ave,KA1504000156,Peterson/Ridge Metra,24458,41.999245,-87.671249,41.9918,-87.67489,member,5.878666666666667,Friday,March
529EDABC7AABE19F,electric_bike,2025-03-05 12:50:17.548,2025-03-05 12:58:45.210,Desplaines St & Randolph St,15535,Wells St & Walton St,TA1306000011,41.883703,-87.644238,41.89993001,-87.63443007,member,8.461033333333333,Wednesday,March
7DC11C56BDBBA653,electric_bike,2025-03-31 15:29:43.172,2025-03-31 15:36:52.943,Wabash Ave & Grand Ave,TA1307000117,Rush St & Cedar St,KA1504000133,41.891466,-87.626761,41.90230870122,-87.627690528,member,7.162850000000001,Monday,March
CC711567609BCFEA,electric_bike,2025-03-26 14:37:57.250,2025-03-26 14:41:42.213,Wabash Ave & Grand Ave,TA1307000117,Wells St & Walton St,TA1306000011,41.891466,-87.626761,41.89993001,-87.63443007,member,3.7493833333333333,Wednesday,March
3C4CFFACEA6F5E4D,electric_bike,2025-03-11 23:30:18.909,2025-03-11 23:39:56.977,Wells St & Walton St,TA1306000011,Stockton Dr & Wrightwood Ave,13276,41.89993001,-87.63443007,41.93132,-87.638742,member,9.634466666666667,Tuesday,March
ADAF68AB661BB6D3,electric_bike,2025-03-08 15:52:11.866,2025-03-08 16:09:58.518,Damen Ave & Charleston St,13288,Damen Ave & Charleston St,13288,41.920033097,-87.677924275,41.920082,-87.677855,member,17.777533333333334,Saturday,March
08D5FA78D815C075,classic_bike,2025-03-29 15:47:38.680,2025-03-29 16:07:45.736,Stockton Dr & Wrightwood Ave,13276,Rush St & Cedar St,KA1504000133,41.93132,-87.638742,41.90230870122,-87.627690528,member,20.1176,Saturday,March
CAA91429656D4134,classic_bike,2025-03-02 08:49:46.154,2025-03-02 08:55:01.462,Sedgwick St & Webster Ave,13191,Stockton Dr & Wrightwood Ave,13276,41.922167,-87.638888,41.93132,-87.638742,member,5.255133333333333,Sunday,March
1B3DB9F437B6D984,classic_bike,2025-03-21 13:48:06.724,2025-03-21 15:55:01.395,Wells St & Walton St,TA1306000011,Wells St & Walton St,TA1306000011,41.89993001,-87.63443007,41.89993001,-87.63443007,casual,126.91118333333334,Friday,March
10F864B342303BB2,electric_bike,2025-03-01 22:56:36.302,2025-03-01 23:00:42.688,Damen Ave & Clybourn Ave,13271,Damen Ave & Charleston St,13288,41.931931,-87.677856,41.920082,-87.677855,casual,4.106433333333333,Saturday,March
B63D94C07AF8BA41,classic_bike,2025-03-28 16:46:13.370,2025-03-28 17:24:42.204,Wabash Ave & Grand Ave,TA1307000117,Stockton Dr & Wrightwood Ave,13276,41.891466,-87.626761,41.93132,-87.638742,casual,38.48056666666666,Friday,March
FA6E305DD92F3816,electric_bike,2025-03-24 17:16:18.001,2025-03-24 17:21:46.341,Wabash Ave & Grand Ave,TA1307000117,Rush St & Cedar St,KA1504000133,41.891466,-87.626761,41.90230870122,-87.627690528,member,5.472333333333333,Monday,March
7B21C2CC1C09BCAD,electric_bike,2025-03-10 08:35:12.794,2025-03-10 08:42:22.612,Sheffield Ave & Fullerton Ave,TA1306000016,Damen Ave & Charleston St,13288,41.9256163,-87.6536574,41.920082,-87.677855,member,7.163633333333333,Monday,March
75A4966E56CA76DD,electric_bike,2025-03-29 15:13:25.585,2025-03-29 15:32:43.966,Ashland Ave & Wrightwood Ave,13296,Rush St & Cedar St,KA1504000133,41.92883,-87.668507,41.90230870122,-87.627690528,member,19.306350000000002,Saturday,March
F2E4AC200CF708B3,classic_bike,2025-03-30 13:30:59.131,2025-03-30 13:58:16.002,Mies van der Rohe Way & Chestnut St,15529,Stockton Dr & Wrightwood Ave,13276,41.8985866514,-87.6219152258,41.93132,-87.638742,member,27.281183333333335,Sunday,March
781FB0F7039E14C6,classic_bike,2025-03-09 15:35:34.729,2025-03-09 15:57:38.339,Mies van der Rohe Way & Chestnut St,15529,Stockton Dr & Wrightwood Ave,13276,41.8985866514,-87.6219152258,41.93132,-87.638742,member,22.060166666666664,Sunday,March
B50881768715D35B,electric_bike,2025-03-11 07:40:39.285,2025-03-11 07:49:01.455,Sheffield Ave & Fullerton Ave,TA1306000016,Damen Ave & Charleston St,13288,41.9256163,-87.6536574,41.920082,-87.677855,member,8.3695,Tuesday,March
0233686DA89A2E2F,electric_bike,2025-03-15 12:09:58.298,2025-03-15 12:33:46.076,California Ave & Milwaukee Ave,13084,Rush St & Cedar St,KA1504000133,41.922695,-87.697153,41.90230870122,-87.627690528,casual,23.7963,Saturday,March
808FBEDCB79939C4,classic_bike,2025-03-15 09:27:04.606,2025-03-15 09:45:38.184,Sheffield Ave & Fullerton Ave,TA1306000016,Rush St & Cedar St,KA1504000133,41.9256163,-87.6536574,41.90230870122,-87.627690528,casual,18.559633333333334,Saturday,March
679723D287E133E1,electric_bike,2025-03-15 13:40:55.446,2025-03-15 13:49:26.113,Damen Ave & Thomas St (Augusta Blvd),TA1307000070,Damen Ave & Charleston St,13288,41.901315,-87.677409,41.920082,-87.677855,casual,8.511116666666666,Saturday,March
5861589D7DF09037,classic_bike,2025-03-29 11:24:12.623,2025-03-29 11:36:30.406,Sedgwick St & Webster Ave,13191,Wells St & Walton St,TA1306000011,41.922167,-87.638888,41.89993001,-87.63443007,member,12.296383333333333,Saturday,March
16A1BBEE0B2CBC2A,classic_bike,2025-03-15 17:41:08.274,2025-03-15 17:55:57.412,Clark St & North Ave,13128,Stockton Dr & Wrightwood Ave,13276,41.911974,-87.631942,41.93132,-87.638742,casual,14.818966666666666,Saturday,March
C908DEE167DC4B55,classic_bike,2025-03-01 08:19:40.523,2025-03-01 08:26:13.808,Clark St & North Ave,13128,Rush St & Cedar St,KA1504000133,41.911974,-87.631942,41.90230870122,-87.627690528,casual,6.55475,Saturday,March
3A22C6472C7B49BD,classic_bike,2025-03-17 12:51:24.215,2025-03-17 13:23:50.121,Sedgwick St & Webster Ave,13191,Rush St & Cedar St,KA1504000133,41.922167,-87.638888,41.90230870122,-87.627690528,casual,32.43176666666667,Monday,March
8F8ABD085F68EC9B,electric_bike,2025-03-09 10:27:27.637,2025-03-09 10:31:25.840,Clark St & North Ave,13128,Rush St & Cedar St,KA1504000133,41.911974,-87.631942,41.90230870122,-87.627690528,casual,3.97005,Sunday,March
AA6B39CB3900B15A,classic_bike,2025-03-15 17:41:29.618,2025-03-15 17:56:14.472,Clark St & North Ave,13128,Stockton Dr & Wrightwood Ave,13276,41.911974,-87.631942,41.93132,-87.638742,casual,14.747566666666668,Saturday,March
03F9B811CF5B1401,classic_bike,2025-03-15 17:41:07.388,2025-03-15 17:56:16.709,Clark St & North Ave,13128,Stockton Dr & Wrightwood Ave,13276,41.911974,-87.631942,41.93132,-87.638742,casual,15.15535,Saturday,March
F44345C31EEA94AD,classic_bike,2025-03-13 14:51:06.052,2025-03-13 15:24:23.180,Clark St & North Ave,13128,Rush St & Cedar St,KA1504000133,41.911974,-87.631942,41.90230870122,-87.627690528,casual,33.285466666666665,Thursday,March
C99342F1CA15E4C1,electric_bike,2025-03-29 07:04:49.067,2025-03-29 07:09:09.467,Clark St & North Ave,13128,Wells St & Walton St,TA1306000011,41.911974,-87.631942,41.89993001,-87.63443007,member,4.34,Saturday,March
3CE331BDF88BCB15,classic_bike,2025-03-08 14:41:50.509,2025-03-08 14:56:04.223,Sedgwick St & Webster Ave,13191,Rush St & Cedar St,KA1504000133,41.922167,-87.638888,41.90230870122,-87.627690528,member,14.228566666666667,Saturday,March
CAA81151D9B22E1E,classic_bike,2025-03-12 13:52:14.597,2025-03-12 14:10:11.520,Clark St & North Ave,13128,Stockton Dr & Wrightwood Ave,13276,41.911974,-87.631942,41.93132,-87.638742,member,17.948716666666666,Wednesday,March
20D5CC216FCA7978,classic_bike,2025-03-22 08:24:17.651,2025-03-22 08:33:01.011,Clark St & North Ave,13128,Rush St & Cedar St,KA1504000133,41.911974,-87.631942,41.90230870122,-87.627690528,member,8.722666666666667,Saturday,March
9A8BF36E9A343212,electric_bike,2025-03-01 09:21:22.725,2025-03-01 09:26:50.337,Clark St & North Ave,13128,Rush St & Cedar St,KA1504000133,41.911974,-87.631942,41.90230870122,-87.627690528,member,5.4602,Saturday,March
4067A79BB6A3D6BA,classic_bike,2025-03-23 11:00:34.874,2025-03-23 11:18:48.300,Sedgwick St & Webster Ave,13191,Rush St & Cedar St,KA1504000133,41.922167,-87.638888,41.90230870122,-87.627690528,member,18.223766666666666,Sunday,March
F55691A08528F2B8,classic_bike,2025-03-11 17:05:39.778,2025-03-11 17:33:00.257,DuSable Lake Shore Dr & Diversey Pkwy,TA1309000039,Stockton Dr & Wrightwood Ave,13276,41.932588,-87.636427,41.93132,-87.638742,member,27.341316666666668,Tuesday,March
16EA5D34D4C9D020,classic_bike,2025-03-25 13:05:22.211,2025-03-25 13:23:37.570,Lincoln Ave & Belle Plaine Ave,TA1309000026,Damen Ave & Charleston St,13288,41.95600355078549,-87.68016144633293,41.920082,-87.677855,member,18.255983333333333,Tuesday,March
890AF61BC57A8876,classic_bike,2025-03-07 09:50:23.397,2025-03-07 10:00:44.229,Damen Ave & Thomas St (Augusta Blvd),TA1307000070,Damen Ave & Charleston St,13288,41.901315,-87.677409,41.920082,-87.677855,casual,10.347199999999999,Friday,March
42EB3C4A5B661F01,classic_bike,2025-03-09 07:30:12.433,2025-03-09 07:53:53.623,Lincoln Ave & Roscoe St*,chargingstx5,Stockton Dr & Wrightwood Ave,13276,41.9433502470174,-87.67066776752472,41.93132,-87.638742,member,23.686500000000002,Sunday,March
F4007E36A2C9AC41,electric_bike,2025-03-06 14:17:25.260,2025-03-06 14:28:53.743,Desplaines St & Randolph St,15535,Wells St & Walton St,TA1306000011,41.883703,-87.644238,41.89993001,-87.63443007,member,11.474716666666666,Thursday,March
468E271CADB8C4DA,electric_bike,2025-03-02 18:03:04.603,2025-03-02 18:07:41.906,Clark St & Lincoln Ave,13179,Stockton Dr & Wrightwood Ave,13276,41.915692329,-87.634577036,41.93132,-87.638742,member,4.621716666666667,Sunday,March
43398F1E7077167D,classic_bike,2025-03-19 17:18:34.090,2025-03-19 17:31:43.229,Clinton St & Washington Blvd,WL-012,Wells St & Walton St,TA1306000011,41.88338,-87.64117,41.89993001,-87.63443007,member,13.152316666666668,Wednesday,March
603909D61DE9BDBF,classic_bike,2025-03-14 16:25:36.631,2025-03-14 16:35:47.753,Clinton St & Washington Blvd,WL-012,Wells St & Walton St,TA1306000011,41.88338,-87.64117,41.89993001,-87.63443007,member,10.185366666666665,Friday,March
BB793BD31B4D178A,classic_bike,2025-03-20 17:31:25.855,2025-03-20 17:43:10.655,Clinton St & Washington Blvd,WL-012,Wells St & Walton St,TA1306000011,41.88338,-87.64117,41.89993001,-87.63443007,member,11.746666666666666,Thursday,March
B3C41CBD99AC6D43,classic_bike,2025-03-17 17:42:46.597,2025-03-17 17:53:13.611,Clinton St & Washington Blvd,WL-012,Wells St & Walton St,TA1306000011,41.88338,-87.64117,41.89993001,-87.63443007,member,10.450233333333333,Monday,March
BB6970D07C5199B7,classic_bike,2025-03-10 17:10:24.991,2025-03-10 17:25:38.013,Clinton St & Washington Blvd,WL-012,Wells St & Walton St,TA1306000011,41.88338,-87.64117,41.89993001,-87.63443007,member,15.217033333333335,Monday,March
D446129B98E1211A,electric_bike,2025-03-27 13:34:07.586,2025-03-27 13:51:54.596,Clark St & Grace St,TA1307000127,Rush St & Cedar St,KA1504000133,41.95078,-87.659172,41.90230870122,-87.627690528,member,17.7835,Thursday,March
C0579532FCF20977,classic_bike,2025-03-09 16:53:28.864,2025-03-09 17:17:09.565,Sedgwick St & Webster Ave,13191,Wells St & Walton St,TA1306000011,41.922167,-87.638888,41.89993001,-87.63443007,member,23.678350000000002,Sunday,March
F71BBF8A350AB8C7,classic_bike,2025-03-31 18:14:08.466,2025-03-31 18:29:14.577,Canal St & Harrison St,13326,Wells St & Walton St,TA1306000011,41.874255,-87.639573,41.89993001,-87.63443007,member,15.10185,Monday,March
9C8D5BA2ADA6EE7F,classic_bike,2025-03-07 05:58:41.237,2025-03-07 06:00:28.438,DuSable Lake Shore Dr & Diversey Pkwy,TA1309000039,Stockton Dr & Wrightwood Ave,13276,41.932588,-87.636427,41.93132,-87.638742,member,1.7866833333333332,Friday,March
2CA5BE1AAE39F1FA,electric_bike,2025-03-12 11:42:03.891,2025-03-12 11:44:02.704,DuSable Lake Shore Dr & Diversey Pkwy,TA1309000039,Stockton Dr & Wrightwood Ave,13276,41.932588,-87.636427,41.93132,-87.638742,member,1.9802166666666667,Wednesday,March
FC1222E557A69BFC,electric_bike,2025-03-12 04:52:19.124,2025-03-12 04:53:33.972,DuSable Lake Shore Dr & Diversey Pkwy,TA1309000039,Stockton Dr & Wrightwood Ave,13276,41.932588,-87.636427,41.93132,-87.638742,member,1.2474666666666667,Wednesday,March
4BFC5079DBA12A3A,classic_bike,2025-03-24 15:57:23.700,2025-03-24 15:59:17.286,DuSable Lake Shore Dr & Diversey Pkwy,TA1309000039,Stockton Dr & Wrightwood Ave,13276,41.932588,-87.636427,41.93132,-87.638742,member,1.8931,Monday,March
174B6999E8565D83,classic_bike,2025-03-24 15:49:30.481,2025-03-24 15:51:08.287,DuSable Lake Shore Dr & Diversey Pkwy,TA1309000039,Stockton Dr & Wrightwood Ave,13276,41.932588,-87.636427,41.93132,-87.638742,member,1.6300999999999999,Monday,March
46A5F30E077E4688,classic_bike,2025-03-24 15:45:36.871,2025-03-24 15:47:21.429,DuSable Lake Shore Dr & Diversey Pkwy,TA1309000039,Stockton Dr & Wrightwood Ave,13276,41.932588,-87.636427,41.93132,-87.638742,member,1.7426333333333335,Monday,March
9A1791DDB3FCB513,classic_bike,2025-03-24 15:53:22.479,2025-03-24 15:55:05.735,DuSable Lake Shore Dr & Diversey Pkwy,TA1309000039,Stockton Dr & Wrightwood Ave,13276,41.932588,-87.636427,41.93132,-87.638742,member,1.7209333333333334,Monday,March
716C2974016F71B4,classic_bike,2025-03-10 13:48:05.383,2025-03-10 13:50:00.221,DuSable Lake Shore Dr & Diversey Pkwy,TA1309000039,Stockton Dr & Wrightwood Ave,13276,41.932588,-87.636427,41.93132,-87.638742,member,1.9139666666666666,Monday,March
0574DDB07231000C,classic_bike,2025-03-10 13:42:52.162,2025-03-10 13:44:54.607,DuSable Lake Shore Dr & Diversey Pkwy,TA1309000039,Stockton Dr & Wrightwood Ave,13276,41.932588,-87.636427,41.93132,-87.638742,member,2.04075,Monday,March
9BA4F2EFF0030A31,classic_bike,2025-03-10 13:57:20.569,2025-03-10 13:59:21.425,DuSable Lake Shore Dr & Diversey Pkwy,TA1309000039,Stockton Dr & Wrightwood Ave,13276,41.932588,-87.636427,41.93132,-87.638742,member,2.0142666666666664,Monday,March
7A11189F099CA9FB,classic_bike,2025-03-10 13:52:36.126,2025-03-10 13:54:17.484,DuSable Lake Shore Dr & Diversey Pkwy,TA1309000039,Stockton Dr & Wrightwood Ave,13276,41.932588,-87.636427,41.93132,-87.638742,member,1.6893,Monday,March
835C73DB0066218A,classic_bike,2025-03-08 16:30:48.751,2025-03-08 16:47:31.802,DuSable Lake Shore Dr & Diversey Pkwy,TA1309000039,Rush St & Cedar St,KA1504000133,41.932588,-87.636427,41.90230870122,-87.627690528,casual,16.71751666666667,Saturday,March
127C29BA1ABECAD5,classic_bike,2025-03-09 15:45:56.498,2025-03-09 15:47:58.441,DuSable Lake Shore Dr & Diversey Pkwy,TA1309000039,Stockton Dr & Wrightwood Ave,13276,41.932588,-87.636427,41.93132,-87.638742,member,2.032383333333333,Sunday,March
6CF913F9CFCBB5D0,classic_bike,2025-03-20 18:45:06.108,2025-03-20 18:57:30.152,Sheffield Ave & Fullerton Ave,TA1306000016,Stockton Dr & Wrightwood Ave,13276,41.9256163,-87.6536574,41.93132,-87.638742,casual,12.400733333333333,Thursday,March
FC6F11111B74EBE6,electric_bike,2025-03-28 15:10:13.342,2025-03-28 15:35:54.464,Campbell Ave & Fullerton Ave,15648,Stockton Dr & Wrightwood Ave,13276,41.92463247165,-87.6893070063,41.93132,-87.638742,casual,25.685366666666667,Friday,March
3FA42DB1DCE5AF21,electric_bike,2025-03-15 16:29:33.404,2025-03-15 17:23:51.346,DuSable Lake Shore Dr & Diversey Pkwy,TA1309000039,Stockton Dr & Wrightwood Ave,13276,41.932588,-87.636427,41.93132,-87.638742,casual,54.299033333333334,Saturday,March
0EB795E612585131,electric_bike,2025-03-28 15:36:55.086,2025-03-28 15:57:05.461,Clarendon Ave & Leland Ave,TA1307000119,Stockton Dr & Wrightwood Ave,13276,41.967968,-87.650001,41.93132,-87.638742,casual,20.172916666666666,Friday,March
5715EFF46A7381B4,electric_bike,2025-03-29 13:05:00.604,2025-03-29 13:58:21.183,DuSable Lake Shore Dr & Diversey Pkwy,TA1309000039,Stockton Dr & Wrightwood Ave,13276,41.932588,-87.636427,41.93132,-87.638742,casual,53.342983333333336,Saturday,March
56D87FCCFEE4F976,classic_bike,2025-03-11 17:05:08.587,2025-03-11 17:32:45.496,DuSable Lake Shore Dr & Diversey Pkwy,TA1309000039,Stockton Dr & Wrightwood Ave,13276,41.932588,-87.636427,41.93132,-87.638742,member,27.615150000000003,Tuesday,March
1DDF005C004C1A85,classic_bike,2025-03-26 15:49:15.257,2025-03-26 15:51:00.232,DuSable Lake Shore Dr & Diversey Pkwy,TA1309000039,Stockton Dr & Wrightwood Ave,13276,41.932588,-87.636427,41.93132,-87.638742,member,1.7495833333333333,Wednesday,March
C2DAF113514E7A02,classic_bike,2025-03-26 15:54:07.902,2025-03-26 15:56:04.955,DuSable Lake Shore Dr & Diversey Pkwy,TA1309000039,Stockton Dr & Wrightwood Ave,13276,41.932588,-87.636427,41.93132,-87.638742,member,1.9508833333333333,Wednesday,March
55A936EBA4396A11,classic_bike,2025-03-26 15:44:01.071,2025-03-26 15:45:48.036,DuSable Lake Shore Dr & Diversey Pkwy,TA1309000039,Stockton Dr & Wrightwood Ave,13276,41.932588,-87.636427,41.93132,-87.638742,member,1.78275,Wednesday,March
2E1760AF8072F637,classic_bike,2025-03-27 16:10:02.713,2025-03-27 16:12:06.842,DuSable Lake Shore Dr & Diversey Pkwy,TA1309000039,Stockton Dr & Wrightwood Ave,13276,41.932588,-87.636427,41.93132,-87.638742,member,2.0688166666666667,Thursday,March
61FED493EB711EC6,classic_bike,2025-03-27 16:05:12.710,2025-03-27 16:07:21.770,DuSable Lake Shore Dr & Diversey Pkwy,TA1309000039,Stockton Dr & Wrightwood Ave,13276,41.932588,-87.636427,41.93132,-87.638742,member,2.1510000000000002,Thursday,March
01E7DB04D9667DA8,classic_bike,2025-03-09 21:27:13.263,2025-03-09 21:28:46.986,DuSable Lake Shore Dr & Diversey Pkwy,TA1309000039,Stockton Dr & Wrightwood Ave,13276,41.932588,-87.636427,41.93132,-87.638742,member,1.56205,Sunday,March
B69B7DEA3535B9AE,electric_bike,2025-03-24 16:23:27.647,2025-03-24 16:39:12.961,Campbell Ave & Fullerton Ave,15648,Stockton Dr & Wrightwood Ave,13276,41.92463247165,-87.6893070063,41.93132,-87.638742,member,15.755233333333333,Monday,March
49DA50DBB94EE153,classic_bike,2025-03-28 16:04:11.992,2025-03-28 16:28:30.563,DuSable Lake Shore Dr & Diversey Pkwy,TA1309000039,Rush St & Cedar St,KA1504000133,41.932588,-87.636427,41.90230870122,-87.627690528,member,24.309516666666664,Friday,March
EA98CD69EE55D339,classic_bike,2025-03-08 14:13:15.082,2025-03-08 14:47:03.051,Wabash Ave & Grand Ave,TA1307000117,Rush St & Cedar St,KA1504000133,41.891466,-87.626761,41.90230870122,-87.627690528,member,33.799483333333335,Saturday,March
D07AD71A853D1793,electric_bike,2025-03-19 14:13:10.427,2025-03-19 14:22:30.162,Desplaines St & Randolph St,15535,Wells St & Walton St,TA1306000011,41.883703,-87.644238,41.89993001,-87.63443007,member,9.328916666666666,Wednesday,March
9C05509761EC8D42,electric_bike,2025-03-21 13:28:04.940,2025-03-21 13:38:57.299,Desplaines St & Randolph St,15535,Wells St & Walton St,TA1306000011,41.883703,-87.644238,41.89993001,-87.63443007,member,10.87265,Friday,March
46479AB18EABFFC7,electric_bike,2025-03-13 14:29:33.874,2025-03-13 14:41:53.139,Desplaines St & Randolph St,15535,Wells St & Walton St,TA1306000011,41.883703,-87.644238,41.89993001,-87.63443007,member,12.321083333333332,Thursday,March
94B4A363C66DC641,electric_bike,2025-03-03 17:30:54.640,2025-03-03 17:36:29.487,Wabash Ave & Grand Ave,TA1307000117,Wells St & Walton St,TA1306000011,41.891466,-87.626761,41.89993001,-87.63443007,member,5.580783333333333,Monday,March
A523C6B23F1F8173,electric_bike,2025-03-03 06:37:31.213,2025-03-03 06:40:28.384,Mies van der Rohe Way & Chicago Ave,13338,Rush St & Cedar St,KA1504000133,41.896944626370825,-87.62175768613815,41.90230870122,-87.627690528,member,2.9528499999999998,Monday,March
4B974C53842E8D5F,electric_bike,2025-03-14 17:57:47.177,2025-03-14 18:02:14.186,Mies van der Rohe Way & Chicago Ave,13338,Rush St & Cedar St,KA1504000133,41.896944626370825,-87.62175768613815,41.90230870122,-87.627690528,member,4.45015,Friday,March
2BB99D12FFA8A43D,classic_bike,2025-03-06 12:26:39.326,2025-03-06 12:31:36.956,Rush St & Cedar St,KA1504000133,Wells St & Walton St,TA1306000011,41.90230870122,-87.627690528,41.89993001,-87.63443007,member,4.9605,Thursday,March
95315EF5B0AA89F3,classic_bike,2025-03-10 19:00:51.628,2025-03-10 19:14:12.919,Clark St & North Ave,13128,Stockton Dr & Wrightwood Ave,13276,41.911974,-87.631942,41.93132,-87.638742,member,13.35485,Monday,March
0DC18F4B7721F18B,electric_bike,2025-03-27 08:46:26.742,2025-03-27 08:51:55.154,New St & Illinois St,TA1306000013,Rush St & Cedar St,KA1504000133,41.89084704062381,-87.61861681938171,41.90230870122,-87.627690528,member,5.473533333333333,Thursday,March
AF3B2E358192DF61,classic_bike,2025-03-09 12:48:33.192,2025-03-09 12:51:38.402,Wells St & Evergreen Ave,TA1308000049,Wells St & Walton St,TA1306000011,41.906724,-87.63483,41.89993001,-87.63443007,member,3.0868333333333333,Sunday,March
E72B283EFC0525D6,electric_bike,2025-03-27 22:03:46.914,2025-03-27 22:10:28.696,Damen Ave & Chicago Ave,13132,Damen Ave & Charleston St,13288,41.8956873705344,-87.67713508286369,41.920082,-87.677855,member,6.696366666666666,Thursday,March
9CC396DDFE426386,classic_bike,2025-03-09 07:26:34.061,2025-03-09 07:29:29.592,DuSable Lake Shore Dr & Wellington Ave,TA1307000041,Stockton Dr & Wrightwood Ave,13276,41.9366884494997,-87.63682901859283,41.93132,-87.638742,member,2.9255166666666668,Sunday,March
A42134C6FE5E2868,classic_bike,2025-03-11 16:29:29.762,2025-03-11 16:36:30.904,Wells St & Huron St,TA1306000012,Rush St & Cedar St,KA1504000133,41.894722,-87.634362,41.90230870122,-87.627690528,member,7.019033333333334,Tuesday,March
9202E237B02D7149,classic_bike,2025-03-31 18:41:26.945,2025-03-31 18:44:01.564,Wells St & Evergreen Ave,TA1308000049,Wells St & Walton St,TA1306000011,41.906724,-87.63483,41.89993001,-87.63443007,member,2.576983333333333,Monday,March
DDB4B0976509017C,classic_bike,2025-03-22 10:37:49.458,2025-03-22 10:40:51.340,Wells St & Evergreen Ave,TA1308000049,Wells St & Walton St,TA1306000011,41.906724,-87.63483,41.89993001,-87.63443007,member,3.0313666666666665,Saturday,March
4FB9831B85B4ECB4,electric_bike,2025-03-14 14:34:39.875,2025-03-14 14:55:59.017,DuSable Lake Shore Dr & Wellington Ave,TA1307000041,Stockton Dr & Wrightwood Ave,13276,41.9366884494997,-87.63682901859283,41.93132,-87.638742,member,21.319033333333334,Friday,March
1618C1910240B6EA,electric_bike,2025-03-24 14:51:58.404,2025-03-24 14:59:01.158,New St & Illinois St,TA1306000013,Rush St & Cedar St,KA1504000133,41.89084704062381,-87.61861681938171,41.90230870122,-87.627690528,member,7.0459000000000005,Monday,March
FB66E6792388C77E,classic_bike,2025-03-15 16:49:12.511,2025-03-15 16:58:13.567,Sedgwick St & Webster Ave,13191,Stockton Dr & Wrightwood Ave,13276,41.922167,-87.638888,41.93132,-87.638742,member,9.0176,Saturday,March
5F092049E410E6A0,classic_bike,2025-03-09 16:47:26.092,2025-03-09 16:57:38.347,Clark St & North Ave,13128,Stockton Dr & Wrightwood Ave,13276,41.911974,-87.631942,41.93132,-87.638742,member,10.20425,Sunday,March
661C5095595673AB,electric_bike,2025-03-15 09:18:38.011,2025-03-15 09:26:52.986,Sedgwick St & Webster Ave,13191,Stockton Dr & Wrightwood Ave,13276,41.922167,-87.638888,41.93132,-87.638742,casual,8.249583333333334,Saturday,March
297D173810FC047B,classic_bike,2025-03-15 20:44:27.131,2025-03-15 21:04:05.730,Sedgwick St & Webster Ave,13191,Rush St & Cedar St,KA1504000133,41.922167,-87.638888,41.90230870122,-87.627690528,casual,19.643316666666667,Saturday,March
54CA3E90DAD17237,electric_bike,2025-03-29 10:19:06.513,2025-03-29 10:26:56.760,Sedgwick St & Webster Ave,13191,Rush St & Cedar St,KA1504000133,41.922167,-87.638888,41.90230870122,-87.627690528,casual,7.8374500000000005,Saturday,March
608C7F72001047ED,classic_bike,2025-03-02 11:35:04.838,2025-03-02 11:42:25.090,Clark St & North Ave,13128,Rush St & Cedar St,KA1504000133,41.911974,-87.631942,41.90230870122,-87.627690528,casual,7.337533333333334,Sunday,March
3D9D7C289730EF83,classic_bike,2025-03-15 09:20:54.298,2025-03-15 09:27:29.535,Sedgwick St & Webster Ave,13191,Stockton Dr & Wrightwood Ave,13276,41.922167,-87.638888,41.93132,-87.638742,casual,6.587283333333334,Saturday,March
FC576403DBB50917,electric_bike,2025-03-28 11:54:44.695,2025-03-28 11:57:52.101,Clark St & North Ave,13128,Rush St & Cedar St,KA1504000133,41.911974,-87.631942,41.90230870122,-87.627690528,casual,3.1234333333333333,Friday,March
C43027D8066495A7,classic_bike,2025-03-09 14:04:57.429,2025-03-09 14:15:42.723,Clark St & North Ave,13128,Stockton Dr & Wrightwood Ave,13276,41.911974,-87.631942,41.93132,-87.638742,casual,10.7549,Sunday,March
036060CD0F82BD3F,classic_bike,2025-03-09 14:04:34.334,2025-03-09 14:15:53.311,Clark St & North Ave,13128,Stockton Dr & Wrightwood Ave,13276,41.911974,-87.631942,41.93132,-87.638742,casual,11.316283333333333,Sunday,March
F348CCBD46BC1EF6,classic_bike,2025-03-09 18:02:05.380,2025-03-09 18:13:34.926,Sedgwick St & Webster Ave,13191,Rush St & Cedar St,KA1504000133,41.922167,-87.638888,41.90230870122,-87.627690528,member,11.492433333333334,Sunday,March
ECAA340BD922A7A0,electric_bike,2025-03-17 16:49:05.396,2025-03-17 16:52:35.977,Sedgwick St & Webster Ave,13191,Stockton Dr & Wrightwood Ave,13276,41.922167,-87.638888,41.93132,-87.638742,member,3.5096833333333333,Monday,March
AA77659C9B670BB7,electric_bike,2025-03-27 19:01:54.242,2025-03-27 19:09:14.604,Sedgwick St & Webster Ave,13191,Rush St & Cedar St,KA1504000133,41.922167,-87.638888,41.90230870122,-87.627690528,member,7.339366666666667,Thursday,March
4C14DF8B6A65708C,classic_bike,2025-03-01 09:46:15.262,2025-03-01 09:56:47.768,Clark St & North Ave,13128,Stockton Dr & Wrightwood Ave,13276,41.911974,-87.631942,41.93132,-87.638742,member,10.541766666666666,Saturday,March
823DD058A61E98F8,classic_bike,2025-03-24 08:54:17.431,2025-03-24 09:05:07.999,Sedgwick St & Webster Ave,13191,Wells St & Walton St,TA1306000011,41.922167,-87.638888,41.89993001,-87.63443007,member,10.8428,Monday,March
B696EB9597250C49,electric_bike,2025-03-22 11:09:40.343,2025-03-22 11:15:55.459,Clark St & North Ave,13128,Stockton Dr & Wrightwood Ave,13276,41.911974,-87.631942,41.93132,-87.638742,member,6.251933333333333,Saturday,March
B21BE7E76A60EC02,classic_bike,2025-03-13 14:52:36.869,2025-03-13 15:24:07.919,Clark St & North Ave,13128,Rush St & Cedar St,KA1504000133,41.911974,-87.631942,41.90230870122,-87.627690528,casual,31.5175,Thursday,March
1EC6807990000568,classic_bike,2025-03-15 16:27:53.855,2025-03-15 16:39:24.896,Clark St & North Ave,13128,Stockton Dr & Wrightwood Ave,13276,41.911974,-87.631942,41.93132,-87.638742,casual,11.51735,Saturday,March
83E06A02621EC9A5,classic_bike,2025-03-08 12:16:48.691,2025-03-08 12:35:51.320,Clark St & North Ave,13128,Stockton Dr & Wrightwood Ave,13276,41.911974,-87.631942,41.93132,-87.638742,member,19.043816666666665,Saturday,March
B78947BAF13CDC90,electric_bike,2025-03-28 15:09:50.386,2025-03-28 15:35:59.049,Campbell Ave & Fullerton Ave,15648,Stockton Dr & Wrightwood Ave,13276,41.92463247165,-87.6893070063,41.93132,-87.638742,member,26.144383333333334,Friday,March
96227A73F3A04D33,classic_bike,2025-03-28 16:07:25.290,2025-03-28 16:29:10.724,DuSable Lake Shore Dr & Diversey Pkwy,TA1309000039,Rush St & Cedar St,KA1504000133,41.932588,-87.636427,41.90230870122,-87.627690528,member,21.757233333333332,Friday,March
0517AF4084E0EFBC,classic_bike,2025-03-06 21:42:36.162,2025-03-06 21:51:51.922,Clark St & North Ave,13128,Stockton Dr & Wrightwood Ave,13276,41.911974,-87.631942,41.93132,-87.638742,member,9.262666666666666,Thursday,March
F0CD0FDCE5B46070,electric_bike,2025-03-15 21:51:15.320,2025-03-15 21:56:26.886,Clark St & Lincoln Ave,13179,Stockton Dr & Wrightwood Ave,13276,41.915689,-87.6346,41.93132,-87.638742,member,5.1927666666666665,Saturday,March
2F852382065BA022,classic_bike,2025-03-14 21:59:34.165,2025-03-14 22:07:13.953,Clark St & Lincoln Ave,13179,Stockton Dr & Wrightwood Ave,13276,41.915689,-87.6346,41.93132,-87.638742,member,7.663133333333334,Friday,March
ADE2BE0E793FBD73,classic_bike,2025-03-11 17:46:19.599,2025-03-11 17:56:57.112,Clinton St & Washington Blvd,WL-012,Wells St & Walton St,TA1306000011,41.88338,-87.64117,41.89993001,-87.63443007,member,10.625216666666667,Tuesday,March
329C7C0185966221,classic_bike,2025-03-21 15:11:49.046,2025-03-21 15:22:50.038,Clinton St & Washington Blvd,WL-012,Wells St & Walton St,TA1306000011,41.88338,-87.64117,41.89993001,-87.63443007,member,11.016533333333333,Friday,March
8C2FC3CFB7D4E599,classic_bike,2025-03-17 10:22:36.474,2025-03-17 10:29:03.061,Clark St & Lincoln Ave,13179,Wells St & Walton St,TA1306000011,41.915689,-87.6346,41.89993001,-87.63443007,member,6.443116666666667,Monday,March
EEB5A5EA4009E93B,classic_bike,2025-03-04 17:47:48.191,2025-03-04 18:00:47.713,Clinton St & Washington Blvd,WL-012,Wells St & Walton St,TA1306000011,41.88338,-87.64117,41.89993001,-87.63443007,member,12.992033333333334,Tuesday,March
306E29FC1D01F010,classic_bike,2025-03-18 17:34:20.757,2025-03-18 17:46:52.742,Clinton St & Washington Blvd,WL-012,Wells St & Walton St,TA1306000011,41.88338,-87.64117,41.89993001,-87.63443007,member,12.533083333333334,Tuesday,March
90CC2078AB5AFFF4,electric_bike,2025-03-18 18:14:38.981,2025-03-18 18:31:09.721,Damen Ave & Thomas St (Augusta Blvd),TA1307000070,Stockton Dr & Wrightwood Ave,13276,41.901315,-87.677409,41.93132,-87.638742,member,16.512333333333334,Tuesday,March
135B960969668AA7,electric_bike,2025-03-11 14:56:38.398,2025-03-11 15:01:52.591,Mies van der Rohe Way & Chestnut St,15529,Wells St & Walton St,TA1306000011,41.8985866514,-87.6219152258,41.89993001,-87.63443007,member,5.236549999999999,Tuesday,March
4A2A58F28460F11F,electric_bike,2025-03-24 19:06:28.684,2025-03-24 19:11:58.669,Ashland Ave & Wrightwood Ave,13296,Damen Ave & Charleston St,13288,41.92883,-87.668507,41.920082,-87.677855,member,5.499750000000001,Monday,March
9E8D85091D540C08,electric_bike,2025-03-24 23:46:48.908,2025-03-24 23:49:08.106,Mies van der Rohe Way & Chestnut St,15529,Rush St & Cedar St,KA1504000133,41.8985866514,-87.6219152258,41.90230870122,-87.627690528,member,2.3199666666666667,Monday,March
08C6BA827A675A99,electric_bike,2025-03-14 14:13:44.835,2025-03-14 14:35:05.274,Franklin St & Jackson Blvd,TA1305000025,Stockton Dr & Wrightwood Ave,13276,41.8777079559,-87.6353211408,41.93132,-87.638742,casual,21.34065,Friday,March
F920AF48B61A2889,electric_bike,2025-03-17 10:49:49.483,2025-03-17 11:02:44.540,Franklin St & Jackson Blvd,TA1305000025,Rush St & Cedar St,KA1504000133,41.8777079559,-87.6353211408,41.90230870122,-87.627690528,member,12.917616666666667,Monday,March
B01117473EE209FE,electric_bike,2025-03-29 09:47:50.061,2025-03-29 09:49:00.153,Public Rack - Cottage Grove Ave & 91st St,648,Public Rack - Cottage Grove Ave & 89th Pl,879,41.72951,-87.603739,41.731767,-87.604899,member,1.1682,Saturday,March
6481D07E5DCD86C5,electric_bike,2025-03-27 21:04:54.647,2025-03-27 21:23:01.700,Lincoln Ave & Roscoe St*,chargingstx5,Rush St & Cedar St,KA1504000133,41.9433502470174,-87.67066776752472,41.90230870122,-87.627690528,member,18.11755,Thursday,March
FDBAB1738369C5B3,electric_bike,2025-03-28 16:44:53.329,2025-03-28 17:24:48.705,Wabash Ave & Grand Ave,TA1307000117,Stockton Dr & Wrightwood Ave,13276,41.891466,-87.626761,41.93132,-87.638742,member,39.92293333333334,Friday,March
F740DBD6F1F54A59,electric_bike,2025-03-27 23:56:51.862,2025-03-28 00:02:13.741,Wabash Ave & Grand Ave,TA1307000117,Wells St & Walton St,TA1306000011,41.891466,-87.626761,41.89993001,-87.63443007,member,5.36465,Thursday,March
B8BB24F158FFEA74,electric_bike,2025-03-14 16:15:13.891,2025-03-14 16:35:18.849,Sheffield Ave & Fullerton Ave,TA1306000016,Rush St & Cedar St,KA1504000133,41.9256163,-87.6536574,41.90230870122,-87.627690528,member,20.082633333333334,Friday,March
E5CB7EFB1532DB99,electric_bike,2025-03-28 17:59:38.121,2025-03-28 18:04:03.218,Mies van der Rohe Way & Chicago Ave,13338,Rush St & Cedar St,KA1504000133,41.896944626370825,-87.62175768613815,41.90230870122,-87.627690528,member,4.418283333333333,Friday,March
AE9C90DD032EDFDC,classic_bike,2025-03-16 11:46:12.711,2025-03-16 11:47:52.249,DuSable Lake Shore Dr & Diversey Pkwy,TA1309000039,Stockton Dr & Wrightwood Ave,13276,41.932588,-87.636427,41.93132,-87.638742,member,1.6589666666666667,Sunday,March
06F17E9CA5F320C0,classic_bike,2025-03-12 20:41:38.243,2025-03-12 20:46:05.734,Mies van der Rohe Way & Chicago Ave,13338,Rush St & Cedar St,KA1504000133,41.896944626370825,-87.62175768613815,41.90230870122,-87.627690528,member,4.458183333333333,Wednesday,March
F8BF21DC07F62DCF,electric_bike,2025-03-31 06:20:11.580,2025-03-31 06:26:02.520,New St & Illinois St,TA1306000013,Rush St & Cedar St,KA1504000133,41.89084704062381,-87.61861681938171,41.90230870122,-87.627690528,member,5.849,Monday,March
AA6A8816195EB6D7,electric_bike,2025-03-14 12:33:43.383,2025-03-14 12:36:05.676,Wells St & Huron St,TA1306000012,Wells St & Walton St,TA1306000011,41.894722,-87.634362,41.89993001,-87.63443007,member,2.37155,Friday,March
50C417D8C2413577,classic_bike,2025-03-19 08:18:39.560,2025-03-19 08:22:39.976,Wells St & Evergreen Ave,TA1308000049,Wells St & Walton St,TA1306000011,41.906724,-87.63483,41.89993001,-87.63443007,member,4.0069333333333335,Wednesday,March
A768C57E760D137D,classic_bike,2025-03-27 06:36:32.069,2025-03-27 06:41:18.104,Wells St & Huron St,TA1306000012,Rush St & Cedar St,KA1504000133,41.894722,-87.634362,41.90230870122,-87.627690528,member,4.767250000000001,Thursday,March
77E423E4106C0AA2,electric_bike,2025-03-06 16:07:25.978,2025-03-06 16:26:04.612,Aberdeen St & Randolph St,18062,Damen Ave & Charleston St,13288,41.884114,-87.654264,41.920082,-87.677855,member,18.6439,Thursday,March
0793E1EAF72BC31E,classic_bike,2025-03-22 20:40:04.270,2025-03-22 20:50:12.576,Kingsbury St & Kinzie St,KA1503000043,Wells St & Walton St,TA1306000011,41.88917683258,-87.6385057718,41.89993001,-87.63443007,member,10.138433333333333,Saturday,March
6C8830930E4B1A36,classic_bike,2025-03-25 19:45:02.398,2025-03-25 19:54:38.354,Larrabee St & Webster Ave,13193,Rush St & Cedar St,KA1504000133,41.921822,-87.64414,41.90230870122,-87.627690528,casual,9.599266666666667,Tuesday,March
4C7F070BB672ADA4,classic_bike,2025-03-09 13:45:11.107,2025-03-09 14:18:26.758,Kingsbury St & Kinzie St,KA1503000043,Stockton Dr & Wrightwood Ave,13276,41.88917683258,-87.6385057718,41.93132,-87.638742,casual,33.26085,Sunday,March
CF6596840C4156DD,classic_bike,2025-03-09 17:05:41.909,2025-03-09 17:25:52.203,Aberdeen St & Randolph St,18062,Rush St & Cedar St,KA1504000133,41.884114,-87.654264,41.90230870122,-87.627690528,casual,20.171566666666667,Sunday,March
EA176573730EF7AB,classic_bike,2025-03-09 17:53:48.276,2025-03-09 18:03:12.563,Kingsbury St & Kinzie St,KA1503000043,Wells St & Walton St,TA1306000011,41.88917683258,-87.6385057718,41.89993001,-87.63443007,casual,9.404783333333334,Sunday,March
40BB6545B9CBD8FC,classic_bike,2025-03-29 16:10:13.213,2025-03-29 16:17:59.876,Kingsbury St & Kinzie St,KA1503000043,Wells St & Walton St,TA1306000011,41.88917683258,-87.6385057718,41.89993001,-87.63443007,casual,7.777716666666667,Saturday,March
DB97C5B812193207,electric_bike,2025-03-23 12:44:36.368,2025-03-23 12:55:18.326,Kingsbury St & Kinzie St,KA1503000043,Rush St & Cedar St,KA1504000133,41.88917683258,-87.6385057718,41.90230870122,-87.627690528,casual,10.6993,Sunday,March
BB33850A9F5AB37A,classic_bike,2025-03-29 11:30:24.527,2025-03-29 11:44:08.232,Kingsbury St & Kinzie St,KA1503000043,Rush St & Cedar St,KA1504000133,41.88917683258,-87.6385057718,41.90230870122,-87.627690528,casual,13.728416666666668,Saturday,March
087BC5DCCE42EC2D,electric_bike,2025-03-21 19:45:46.378,2025-03-21 19:51:02.398,Kingsbury St & Kinzie St,KA1503000043,Wells St & Walton St,TA1306000011,41.88917683258,-87.6385057718,41.89993001,-87.63443007,member,5.2669999999999995,Friday,March
05A1D00CEF2CDAD9,electric_bike,2025-03-13 18:01:07.484,2025-03-13 18:09:49.516,Kingsbury St & Kinzie St,KA1503000043,Wells St & Walton St,TA1306000011,41.88917683258,-87.6385057718,41.89993001,-87.63443007,member,8.700533333333334,Thursday,March
720EF93D758E2D77,electric_bike,2025-03-11 18:25:36.827,2025-03-11 18:32:25.274,Kingsbury St & Kinzie St,KA1503000043,Wells St & Walton St,TA1306000011,41.88917683258,-87.6385057718,41.89993001,-87.63443007,member,6.80745,Tuesday,March
DBB2D1230208FA40,electric_bike,2025-03-29 14:58:50.029,2025-03-29 15:03:27.756,Kingsbury St & Kinzie St,KA1503000043,Wells St & Walton St,TA1306000011,41.88917683258,-87.6385057718,41.89993001,-87.63443007,member,4.628783333333333,Saturday,March
D2DC198E51F5FCAF,classic_bike,2025-03-10 17:17:41.054,2025-03-10 17:39:08.600,Kingsbury St & Kinzie St,KA1503000043,Stockton Dr & Wrightwood Ave,13276,41.88917683258,-87.6385057718,41.93132,-87.638742,member,21.4591,Monday,March
F0051768B574B3CE,electric_bike,2025-03-21 10:26:46.275,2025-03-21 10:36:54.151,Kingsbury St & Kinzie St,KA1503000043,Rush St & Cedar St,KA1504000133,41.88917683258,-87.6385057718,41.90230870122,-87.627690528,member,10.131266666666667,Friday,March
011C175B3DAC2704,electric_bike,2025-03-24 16:37:16.261,2025-03-24 16:43:13.236,Kingsbury St & Kinzie St,KA1503000043,Rush St & Cedar St,KA1504000133,41.88917683258,-87.6385057718,41.90230870122,-87.627690528,member,5.949583333333334,Monday,March
23FE51D46CE8031B,electric_bike,2025-03-20 16:07:07.706,2025-03-20 16:12:25.168,Larrabee St & Webster Ave,13193,Stockton Dr & Wrightwood Ave,13276,41.921822,-87.64414,41.93132,-87.638742,member,5.291033333333333,Thursday,March
EDB0DA9ED236A167,classic_bike,2025-03-29 10:19:02.885,2025-03-29 10:25:21.807,Clark St & Lincoln Ave,13179,Stockton Dr & Wrightwood Ave,13276,41.915689,-87.6346,41.93132,-87.638742,member,6.315366666666667,Saturday,March
3126FE5E68928B01,electric_bike,2025-03-24 20:56:41.308,2025-03-24 21:02:06.494,Clark St & Lincoln Ave,13179,Wells St & Walton St,TA1306000011,41.915689,-87.6346,41.89993001,-87.63443007,member,5.419766666666666,Monday,March
C064505AB4B9E7FC,electric_bike,2025-03-12 12:39:58.462,2025-03-12 12:46:30.993,Clark St & Lincoln Ave,13179,Rush St & Cedar St,KA1504000133,41.915711999,-87.634588361,41.90230870122,-87.627690528,member,6.542183333333333,Wednesday,March
B3C1E908D276071A,classic_bike,2025-03-11 14:57:54.417,2025-03-11 15:04:05.986,Mies van der Rohe Way & Chicago Ave,13338,Wells St & Walton St,TA1306000011,41.896944626370825,-87.62175768613815,41.89993001,-87.63443007,member,6.192816666666667,Tuesday,March
1A3AE2F10389AAFF,electric_bike,2025-03-30 13:49:56.974,2025-03-30 13:55:49.194,Mies van der Rohe Way & Chicago Ave,13338,Rush St & Cedar St,KA1504000133,41.896944626370825,-87.62175768613815,41.90230870122,-87.627690528,member,5.870333333333334,Sunday,March
3B0A64CD224D3F64,classic_bike,2025-03-11 12:06:40.681,2025-03-11 12:10:47.588,Mies van der Rohe Way & Chicago Ave,13338,Rush St & Cedar St,KA1504000133,41.896944626370825,-87.62175768613815,41.90230870122,-87.627690528,member,4.115116666666667,Tuesday,March
BE079FAB494BDEF4,classic_bike,2025-03-08 14:11:46.638,2025-03-08 14:17:05.015,Mies van der Rohe Way & Chicago Ave,13338,Rush St & Cedar St,KA1504000133,41.896944626370825,-87.62175768613815,41.90230870122,-87.627690528,member,5.306283333333334,Saturday,March
E16F8CCEA0FE9A9D,electric_bike,2025-03-21 11:54:36.133,2025-03-21 12:00:35.467,New St & Illinois St,TA1306000013,Rush St & Cedar St,KA1504000133,41.89084704062381,-87.61861681938171,41.90230870122,-87.627690528,member,5.9889,Friday,March
F29225FEE44097C8,classic_bike,2025-03-31 08:40:16.412,2025-03-31 08:55:31.646,Wells St & Evergreen Ave,TA1308000049,Stockton Dr & Wrightwood Ave,13276,41.906724,-87.63483,41.93132,-87.638742,member,15.2539,Monday,March
3F3322BAD33AD524,classic_bike,2025-03-20 22:35:19.721,2025-03-20 22:39:54.384,Wells St & Evergreen Ave,TA1308000049,Rush St & Cedar St,KA1504000133,41.906724,-87.63483,41.90230870122,-87.627690528,member,4.577716666666666,Thursday,March
D297322308BF9D62,classic_bike,2025-03-18 18:53:28.704,2025-03-18 19:04:19.567,New St & Illinois St,TA1306000013,Rush St & Cedar St,KA1504000133,41.89084704062381,-87.61861681938171,41.90230870122,-87.627690528,casual,10.847716666666667,Tuesday,March
4BDFEC0926516432,classic_bike,2025-03-15 15:49:25.791,2025-03-15 15:59:59.431,Wells St & Evergreen Ave,TA1308000049,Stockton Dr & Wrightwood Ave,13276,41.906724,-87.63483,41.93132,-87.638742,member,10.560666666666666,Saturday,March
6C454667551B34FB,classic_bike,2025-03-12 20:50:00.272,2025-03-12 20:59:04.583,New St & Illinois St,TA1306000013,Wells St & Walton St,TA1306000011,41.89084704062381,-87.61861681938171,41.89993001,-87.63443007,member,9.071850000000001,Wednesday,March
64CE9BF9BE00F427,classic_bike,2025-03-04 07:36:15.213,2025-03-04 07:39:10.431,Wells St & Evergreen Ave,TA1308000049,Wells St & Walton St,TA1306000011,41.906724,-87.63483,41.89993001,-87.63443007,member,2.9202999999999997,Tuesday,March
6246E21E4B4664AD,classic_bike,2025-03-10 14:58:42.570,2025-03-10 15:01:33.775,Wells St & Huron St,TA1306000012,Wells St & Walton St,TA1306000011,41.894722,-87.634362,41.89993001,-87.63443007,member,2.853416666666667,Monday,March
20140E312F6DDDF9,classic_bike,2025-03-01 19:10:35.700,2025-03-01 19:24:21.672,New St & Illinois St,TA1306000013,Rush St & Cedar St,KA1504000133,41.89084704062381,-87.61861681938171,41.90230870122,-87.627690528,member,13.7662,Saturday,March
47F34BC1C5F838DC,classic_bike,2025-03-01 01:07:46.964,2025-03-01 01:28:35.542,Ogden Ave & Race Ave,13194,Stockton Dr & Wrightwood Ave,13276,41.891795,-87.658751,41.93132,-87.638742,member,20.809633333333334,Saturday,March
5324626DFAADD5AC,electric_bike,2025-03-18 16:29:04.619,2025-03-18 16:56:44.850,Franklin St & Jackson Blvd,TA1305000025,Stockton Dr & Wrightwood Ave,13276,41.8777079559,-87.6353211408,41.93132,-87.638742,member,27.670516666666668,Tuesday,March
98CFB9A5BAFDB1F3,electric_bike,2025-03-10 10:53:55.081,2025-03-10 11:05:59.941,Franklin St & Jackson Blvd,TA1305000025,Rush St & Cedar St,KA1504000133,41.8777079559,-87.6353211408,41.90230870122,-87.627690528,member,12.081,Monday,March
5BB99CB362F14E9F,electric_bike,2025-03-26 10:51:16.563,2025-03-26 11:03:16.059,Franklin St & Jackson Blvd,TA1305000025,Rush St & Cedar St,KA1504000133,41.8777079559,-87.6353211408,41.90230870122,-87.627690528,member,11.9916,Wednesday,March
43B7B2FC0F3F71DE,classic_bike,2025-03-08 13:39:14.303,2025-03-08 14:35:32.701,Richmond St & Diversey Ave,15645,Wells St & Walton St,TA1306000011,41.93190196886,-87.7011951301,41.89993001,-87.63443007,casual,56.30663333333334,Saturday,March
CE691E885FE754DA,electric_bike,2025-03-18 21:55:48.691,2025-03-18 22:05:13.681,Ogden Ave & Race Ave,13194,Rush St & Cedar St,KA1504000133,41.891795,-87.658751,41.90230870122,-87.627690528,member,9.416500000000001,Tuesday,March
43ADA487CD945C67,classic_bike,2025-03-29 02:10:34.086,2025-03-29 02:48:28.543,Richmond St & Diversey Ave,15645,Peterson/Ridge Metra,24458,41.93190196886,-87.7011951301,41.9918,-87.67489,casual,37.90761666666666,Saturday,March
E3CA8B9A8AD0E29D,electric_bike,2025-03-01 14:19:25.322,2025-03-01 14:39:20.652,Wabash Ave & Grand Ave,TA1307000117,Damen Ave & Charleston St,13288,41.891466,-87.626761,41.920082,-87.677855,member,19.922166666666666,Saturday,March
52111E7B76621A39,classic_bike,2025-03-30 11:10:11.278,2025-03-30 11:32:16.999,Wood St & Chicago Ave,637,Kedzie Ave & Chicago Ave,KA1504000114,41.895634,-87.672069,41.89546530305,-87.7061278837,casual,22.09535,Sunday,March
871E961313F52D0C,electric_bike,2025-03-31 18:38:21.594,2025-03-31 18:50:43.090,Green St & Randolph St*,chargingstx3,Wells St & Walton St,TA1306000011,41.883508682,-87.648649573,41.89993001,-87.63443007,member,12.358266666666667,Monday,March
02D51E8BA3D8664B,classic_bike,2025-03-29 16:42:53.518,2025-03-29 17:00:47.448,DuSable Lake Shore Dr & Diversey Pkwy,TA1309000039,Wells St & Walton St,TA1306000011,41.932588,-87.636427,41.89993001,-87.63443007,casual,17.898833333333336,Saturday,March
8AE60D6A94515584,classic_bike,2025-03-28 20:43:26.361,2025-03-28 21:02:56.911,DuSable Lake Shore Dr & Diversey Pkwy,TA1309000039,Rush St & Cedar St,KA1504000133,41.932588,-87.636427,41.90230870122,-87.627690528,member,19.509166666666665,Friday,March
8C06C63A2EDBD545,classic_bike,2025-03-12 12:02:57.578,2025-03-12 12:08:06.598,Mies van der Rohe Way & Chicago Ave,13338,Rush St & Cedar St,KA1504000133,41.896944626370825,-87.62175768613815,41.90230870122,-87.627690528,member,5.150333333333333,Wednesday,March
EF6A2BA78432FCBA,electric_bike,2025-03-06 09:44:45.668,2025-03-06 09:48:03.860,Mies van der Rohe Way & Chicago Ave,13338,Rush St & Cedar St,KA1504000133,41.896944626370825,-87.62175768613815,41.90230870122,-87.627690528,member,3.3032,Thursday,March
D330A1B6648A2928,classic_bike,2025-03-14 21:34:54.396,2025-03-14 22:00:03.935,Mies van der Rohe Way & Chicago Ave,13338,Stockton Dr & Wrightwood Ave,13276,41.896944626370825,-87.62175768613815,41.93132,-87.638742,casual,25.15898333333333,Friday,March
09139F5B9F6D4B77,classic_bike,2025-03-03 20:15:35.236,2025-03-03 20:19:51.665,Mies van der Rohe Way & Chicago Ave,13338,Rush St & Cedar St,KA1504000133,41.896944626370825,-87.62175768613815,41.90230870122,-87.627690528,member,4.273816666666666,Monday,March
BF6BC3F5DAF94C4E,classic_bike,2025-03-03 15:56:20.888,2025-03-03 16:00:23.141,Mies van der Rohe Way & Chicago Ave,13338,Wells St & Walton St,TA1306000011,41.896944626370825,-87.62175768613815,41.89993001,-87.63443007,member,4.0375499999999995,Monday,March
AB2FA02F10104592,classic_bike,2025-03-15 21:35:05.485,2025-03-15 21:39:33.353,Mies van der Rohe Way & Chicago Ave,13338,Rush St & Cedar St,KA1504000133,41.896944626370825,-87.62175768613815,41.90230870122,-87.627690528,member,4.464466666666667,Saturday,March
100364F7DF06D2B3,classic_bike,2025-03-09 12:02:38.565,2025-03-09 12:09:43.066,Mies van der Rohe Way & Chicago Ave,13338,Rush St & Cedar St,KA1504000133,41.896944626370825,-87.62175768613815,41.90230870122,-87.627690528,member,7.0750166666666665,Sunday,March
8DA8F88EF23F22B7,classic_bike,2025-03-14 21:35:02.373,2025-03-14 22:00:10.975,Mies van der Rohe Way & Chicago Ave,13338,Stockton Dr & Wrightwood Ave,13276,41.896944626370825,-87.62175768613815,41.93132,-87.638742,member,25.14336666666667,Friday,March
E77F8A11D078BC61,electric_bike,2025-03-19 19:41:50.174,2025-03-19 19:48:56.979,Mies van der Rohe Way & Chicago Ave,13338,Rush St & Cedar St,KA1504000133,41.896944626370825,-87.62175768613815,41.90230870122,-87.627690528,member,7.113416666666667,Wednesday,March
EFDE3B57EF2F5FC7,electric_bike,2025-03-24 09:53:25.695,2025-03-24 09:57:25.829,Mies van der Rohe Way & Chicago Ave,13338,Wells St & Walton St,TA1306000011,41.896944626370825,-87.62175768613815,41.89993001,-87.63443007,casual,4.002233333333333,Monday,March
1C93BAAD82CC38F4,electric_bike,2025-03-22 18:31:15.167,2025-03-22 18:35:31.074,Mies van der Rohe Way & Chicago Ave,13338,Rush St & Cedar St,KA1504000133,41.896944626370825,-87.62175768613815,41.90230870122,-87.627690528,casual,4.265116666666667,Saturday,March
6307A8575E2B6EA8,classic_bike,2025-03-15 13:14:49.524,2025-03-15 13:20:26.600,Mies van der Rohe Way & Chicago Ave,13338,Rush St & Cedar St,KA1504000133,41.896944626370825,-87.62175768613815,41.90230870122,-87.627690528,member,5.617933333333334,Saturday,March
3F8F9C1F3F7A4A7E,classic_bike,2025-03-14 18:53:13.993,2025-03-14 19:02:59.019,Clark St & Lincoln Ave,13179,Stockton Dr & Wrightwood Ave,13276,41.915689,-87.6346,41.93132,-87.638742,member,9.750433333333332,Friday,March
C332DF1B5C5B202B,classic_bike,2025-03-10 17:41:45.661,2025-03-10 17:51:51.511,Clinton St & Washington Blvd,WL-012,Wells St & Walton St,TA1306000011,41.88338,-87.64117,41.89993001,-87.63443007,member,10.0975,Monday,March
4EAC0552AC62EE12,classic_bike,2025-03-12 17:48:46.164,2025-03-12 18:00:17.933,Clinton St & Washington Blvd,WL-012,Wells St & Walton St,TA1306000011,41.88338,-87.64117,41.89993001,-87.63443007,member,11.529483333333333,Wednesday,March
587D518A35D779E5,electric_bike,2025-03-31 22:28:14.739,2025-03-31 22:33:21.576,Clark St & Lincoln Ave,13179,Wells St & Walton St,TA1306000011,41.915689,-87.6346,41.89993001,-87.63443007,member,5.11395,Monday,March
9CFB1CDB98D4F212,classic_bike,2025-03-22 09:06:10.254,2025-03-22 09:44:42.782,Clark St & Lincoln Ave,13179,Stockton Dr & Wrightwood Ave,13276,41.915689,-87.6346,41.93132,-87.638742,member,38.54213333333333,Saturday,March
7847691A2A0B362A,classic_bike,2025-03-24 23:07:33.224,2025-03-24 23:12:14.968,Rush St & Cedar St,KA1504000133,Clark St & Chicago Ave,13303,41.90230870122,-87.627690528,41.89675,-87.63089,member,4.695733333333334,Monday,March
9862E1A53DE12438,classic_bike,2025-03-22 10:38:33.903,2025-03-22 10:43:49.670,Mies van der Rohe Way & Chestnut St,15529,Clark St & Chicago Ave,13303,41.8985866514,-87.6219152258,41.89675,-87.63089,member,5.262783333333333,Saturday,March
0BB8F75826C06DDB,classic_bike,2025-03-25 14:38:56.129,2025-03-25 14:43:16.017,Wabash Ave & Grand Ave,TA1307000117,Clark St & Chicago Ave,13303,41.891466,-87.626761,41.89675,-87.63089,member,4.331466666666667,Tuesday,March
0A4A4DB4D99B726A,classic_bike,2025-03-20 16:02:29.194,2025-03-20 16:06:12.238,Wabash Ave & Grand Ave,TA1307000117,Clark St & Chicago Ave,13303,41.891466,-87.626761,41.89675,-87.63089,member,3.7174,Thursday,March
CDBC8699ABB9B497,electric_bike,2025-03-14 14:06:50.376,2025-03-14 14:19:19.247,Desplaines St & Randolph St,15535,Clark St & Chicago Ave,13303,41.883703,-87.644238,41.89675,-87.63089,member,12.481183333333332,Friday,March
ADC8254AE4426C9C,classic_bike,2025-03-24 17:53:27.045,2025-03-24 18:02:36.591,Wabash Ave & Grand Ave,TA1307000117,Columbus Dr & Randolph St,13263,41.891466,-87.626761,41.884728,-87.619521,member,9.1591,Monday,March
802CCFDF45AA539D,classic_bike,2025-03-11 12:39:28.522,2025-03-11 12:42:55.838,Clark St & Schreiber Ave,KA1504000156,Clark St & Elmdale Ave,KA1504000148,41.999245,-87.671249,41.99086044812557,-87.66972362995148,casual,3.4552666666666667,Tuesday,March
44BA949C14ACA1CE,classic_bike,2025-03-25 17:51:45.746,2025-03-25 18:04:30.419,Clark St & Schreiber Ave,KA1504000156,Warren Park West,RP-001,41.999245,-87.671249,42.001785,-87.688829,casual,12.74455,Tuesday,March
803856A1570207A5,classic_bike,2025-03-16 18:05:42.509,2025-03-16 18:14:58.628,Wabash Ave & Grand Ave,TA1307000117,Columbus Dr & Randolph St,13263,41.891466,-87.626761,41.884728,-87.619521,member,9.268650000000001,Sunday,March
C347EB1904673E98,electric_bike,2025-03-31 02:00:54.767,2025-03-31 02:05:11.637,Wabash Ave & Grand Ave,TA1307000117,Clark St & Chicago Ave,13303,41.891618371,-87.626838803,41.89675,-87.63089,casual,4.281166666666667,Monday,March
9CAA74370148C2BE,classic_bike,2025-03-28 14:38:57.230,2025-03-28 14:50:31.771,Lake Park Ave & 47th St,TA1308000035,Ellis Ave & 55th St,KA1504000076,41.809443,-87.591875,41.79430062054,-87.6014497734,casual,11.575683333333334,Friday,March
D240B37839FD1580,electric_bike,2025-03-11 09:58:34.308,2025-03-11 10:02:12.672,Wabash Ave & Grand Ave,TA1307000117,Columbus Dr & Randolph St,13263,41.891466,-87.626761,41.884728,-87.619521,casual,3.6394,Tuesday,March
C09A4BA2678C2750,electric_bike,2025-03-24 12:34:59.960,2025-03-24 12:37:26.866,Clark St & Schreiber Ave,KA1504000156,Clark St & Elmdale Ave,KA1504000148,41.999245,-87.671249,41.99086044812557,-87.66972362995148,casual,2.4484333333333335,Monday,March
C4307BA0BE79F5F3,electric_bike,2025-03-22 09:16:00.949,2025-03-22 09:35:20.436,Wabash Ave & Grand Ave,TA1307000117,Hampden Ct & Diversey Ave,202480.0,41.891466,-87.626761,41.9325593,-87.6423847,casual,19.324783333333336,Saturday,March
3E54DC1C11F1CB78,classic_bike,2025-03-03 16:07:00.510,2025-03-03 16:15:47.043,Clark St & Schreiber Ave,KA1504000156,Clark St & Elmdale Ave,KA1504000148,41.999245,-87.671249,41.99086044812557,-87.66972362995148,member,8.77555,Monday,March
83955A015FC5BB58,electric_bike,2025-03-27 09:14:50.382,2025-03-27 09:18:53.832,Wabash Ave & Grand Ave,TA1307000117,Columbus Dr & Randolph St,13263,41.891466,-87.626761,41.884728,-87.619521,casual,4.0575,Thursday,March
FAB37FDFFC11C3F1,electric_bike,2025-03-23 08:44:40.783,2025-03-23 08:52:48.310,Desplaines St & Randolph St,15535,Clark St & Chicago Ave,13303,41.883703,-87.644238,41.89675,-87.63089,member,8.125449999999999,Sunday,March
803FB235983C708A,electric_bike,2025-03-22 09:15:15.780,2025-03-22 09:35:38.452,Wabash Ave & Grand Ave,TA1307000117,Hampden Ct & Diversey Ave,202480.0,41.891466,-87.626761,41.9325593,-87.6423847,member,20.377866666666666,Saturday,March
D592CDF0ED3F0526,classic_bike,2025-03-03 16:06:08.249,2025-03-03 16:16:13.041,Clark St & Schreiber Ave,KA1504000156,Clark St & Elmdale Ave,KA1504000148,41.999245,-87.671249,41.99086044812557,-87.66972362995148,member,10.079866666666668,Monday,March
CBEF645D01F09B64,electric_bike,2025-03-19 08:02:52.315,2025-03-19 08:11:22.075,Wood St & Chicago Ave,637,Clark St & Chicago Ave,13303,41.895634,-87.672069,41.89675,-87.63089,member,8.496,Wednesday,March
B4AD8E700C2B5374,classic_bike,2025-03-30 10:46:22.436,2025-03-30 10:50:29.640,Rush St & Cedar St,KA1504000133,Clark St & Chicago Ave,13303,41.90230870122,-87.627690528,41.89675,-87.63089,member,4.120066666666667,Sunday,March
C75DFED3D4955FBB,classic_bike,2025-03-29 15:21:28.407,2025-03-29 17:30:30.514,Rush St & Cedar St,KA1504000133,Columbus Dr & Randolph St,13263,41.90230870122,-87.627690528,41.884728,-87.619521,casual,129.03511666666665,Saturday,March
53C34ABBD207D934,classic_bike,2025-03-22 11:44:31.199,2025-03-22 11:50:29.485,Wells St & Walton St,TA1306000011,Clark St & Chicago Ave,13303,41.89993001,-87.63443007,41.89675,-87.63089,member,5.971433333333334,Saturday,March
A213C4CE48FBE85A,classic_bike,2025-03-29 15:28:30.600,2025-03-29 17:30:21.755,Rush St & Cedar St,KA1504000133,Columbus Dr & Randolph St,13263,41.90230870122,-87.627690528,41.884728,-87.619521,casual,121.85258333333333,Saturday,March
E9A6D216104D04FD,electric_bike,2025-03-21 18:09:24.433,2025-03-21 18:20:32.804,Stockton Dr & Wrightwood Ave,13276,Clark St & Chicago Ave,13303,41.93132,-87.638742,41.89675,-87.63089,member,11.139516666666667,Friday,March
69B91D54663250EA,classic_bike,2025-03-02 15:58:48.309,2025-03-02 16:04:06.519,Peterson/Ridge Metra,24458,Clark St & Elmdale Ave,KA1504000148,41.9918,-87.67489,41.99086044812557,-87.66972362995148,member,5.3035,Sunday,March
8FF85480CFBB5817,electric_bike,2025-03-29 16:28:16.102,2025-03-29 16:45:21.373,Rush St & Cedar St,KA1504000133,Columbus Dr & Randolph St,13263,41.90230870122,-87.627690528,41.884728,-87.619521,casual,17.08785,Saturday,March
D08F365636BBBBFF,classic_bike,2025-03-24 09:00:00.154,2025-03-24 09:02:37.004,Wells St & Walton St,TA1306000011,Clark St & Chicago Ave,13303,41.89993001,-87.63443007,41.89675,-87.63089,member,2.6141666666666667,Monday,March
11A4FC4A40F3DD64,electric_bike,2025-03-20 11:58:49.605,2025-03-20 12:13:57.860,Rush St & Cedar St,KA1504000133,Columbus Dr & Randolph St,13263,41.90230870122,-87.627690528,41.884728,-87.619521,member,15.137583333333334,Thursday,March
CAD30218CC780DA2,classic_bike,2025-03-26 09:29:58.538,2025-03-26 09:33:33.132,Wells St & Walton St,TA1306000011,Clark St & Chicago Ave,13303,41.89993001,-87.63443007,41.89675,-87.63089,member,3.5765666666666664,Wednesday,March
5C8C2E8684361525,classic_bike,2025-03-18 18:05:55.929,2025-03-18 18:08:43.491,Peterson/Ridge Metra,24458,Clark St & Elmdale Ave,KA1504000148,41.9918,-87.67489,41.99086044812557,-87.66972362995148,member,2.7927000000000004,Tuesday,March
E59FF9BDE2E23C9D,classic_bike,2025-03-12 09:46:18.689,2025-03-12 09:59:33.953,Wells St & Walton St,TA1306000011,Columbus Dr & Randolph St,13263,41.89993001,-87.63443007,41.884728,-87.619521,member,13.2544,Wednesday,March
5859107A2090F876,electric_bike,2025-03-11 06:54:13.396,2025-03-11 07:07:21.828,Sedgwick St & Webster Ave,13191,Columbus Dr & Randolph St,13263,41.922167,-87.638888,41.884728,-87.619521,member,13.140533333333334,Tuesday,March
23A813C4A6163568,electric_bike,2025-03-12 06:47:17.912,2025-03-12 07:02:52.877,Sedgwick St & Webster Ave,13191,Columbus Dr & Randolph St,13263,41.922167,-87.638888,41.884728,-87.619521,member,15.58275,Wednesday,March
4AB10F211EE577B8,electric_bike,2025-03-19 06:46:14.045,2025-03-19 07:01:11.964,Sedgwick St & Webster Ave,13191,Columbus Dr & Randolph St,13263,41.922167,-87.638888,41.884728,-87.619521,member,14.965316666666666,Wednesday,March
79663DF449596734,classic_bike,2025-03-09 15:00:21.855,2025-03-09 15:11:42.924,MLK Jr Dr & 29th St,TA1307000139,State St & 33rd St,13216,41.842052,-87.617,41.834734,-87.625813,member,11.351149999999999,Sunday,March
8ED68BAA672EA2E1,electric_bike,2025-03-15 14:10:57.150,2025-03-15 14:24:57.043,Clark St & North Ave,13128,Columbus Dr & Randolph St,13263,41.911974,-87.631942,41.884728,-87.619521,member,13.998216666666668,Saturday,March
191BF35B08C38F89,electric_bike,2025-03-13 17:17:26.513,2025-03-13 17:43:29.897,Damen Ave & Thomas St (Augusta Blvd),TA1307000070,Columbus Dr & Randolph St,13263,41.901315,-87.677409,41.884728,-87.619521,member,26.0564,Thursday,March
773F7A737A23485B,classic_bike,2025-03-14 16:16:21.661,2025-03-14 16:21:54.012,Mies van der Rohe Way & Chestnut St,15529,Clark St & Chicago Ave,13303,41.8985866514,-87.6219152258,41.89675,-87.63089,member,5.539183333333333,Friday,March
CF2DD844D7413C0C,classic_bike,2025-03-31 19:43:01.646,2025-03-31 20:20:11.817,Damen Ave & Thomas St (Augusta Blvd),TA1307000070,Columbus Dr & Randolph St,13263,41.901315,-87.677409,41.884728,-87.619521,member,37.16951666666667,Monday,March
D802F4019084B32E,electric_bike,2025-03-05 20:39:09.488,2025-03-05 20:45:00.412,Mies van der Rohe Way & Chestnut St,15529,Columbus Dr & Randolph St,13263,41.8985866514,-87.6219152258,41.884728,-87.619521,member,5.848733333333333,Wednesday,March
2B8A66E0585B1A2F,electric_bike,2025-03-29 12:15:53.575,2025-03-29 12:18:53.618,Mies van der Rohe Way & Chestnut St,15529,Clark St & Chicago Ave,13303,41.8985866514,-87.6219152258,41.89675,-87.63089,casual,3.000716666666667,Saturday,March
61ADA7A40AB730D8,classic_bike,2025-03-25 17:52:11.494,2025-03-25 18:04:09.531,Clark St & Schreiber Ave,KA1504000156,Warren Park West,RP-001,41.999245,-87.671249,42.001785,-87.688829,casual,11.967283333333334,Tuesday,March
C0EEC23257D4B32F,electric_bike,2025-03-03 10:20:01.692,2025-03-03 10:23:56.563,Clark St & Schreiber Ave,KA1504000156,Clark St & Elmdale Ave,KA1504000148,41.999245,-87.671249,41.99086044812557,-87.66972362995148,member,3.9145166666666666,Monday,March
24D45B931314F607,classic_bike,2025-03-29 17:50:13.488,2025-03-29 17:58:17.730,Wabash Ave & Grand Ave,TA1307000117,Columbus Dr & Randolph St,13263,41.891466,-87.626761,41.884728,-87.619521,member,8.0707,Saturday,March
4AE9ACDC5F885531,electric_bike,2025-03-25 18:00:24.115,2025-03-25 18:09:11.229,Desplaines St & Randolph St,15535,Clark St & Chicago Ave,13303,41.883703,-87.644238,41.89675,-87.63089,member,8.785233333333334,Tuesday,March
B39E4B5A3EE1E685,electric_bike,2025-03-29 10:32:05.426,2025-03-29 10:41:43.957,Desplaines St & Randolph St,15535,Columbus Dr & Randolph St,13263,41.883703,-87.644238,41.884728,-87.619521,member,9.642183333333332,Saturday,March
61DE09FE6B39B7CE,electric_bike,2025-03-06 17:41:11.364,2025-03-06 17:43:37.109,Ellis Ave & 58th St,TA1309000011,Ellis Ave & 55th St,KA1504000076,41.788746,-87.601334,41.79430062054,-87.6014497734,member,2.4290833333333333,Thursday,March
5525E55DCE60F10A,classic_bike,2025-03-18 16:39:27.510,2025-03-18 16:42:16.276,Ellis Ave & 58th St,TA1309000011,Ellis Ave & 55th St,KA1504000076,41.788746,-87.601334,41.79430062054,-87.6014497734,member,2.8127666666666666,Tuesday,March
A289BA5AFD37633B,electric_bike,2025-03-29 14:05:32.769,2025-03-29 14:07:19.227,Ellis Ave & 58th St,TA1309000011,Ellis Ave & 55th St,KA1504000076,41.788746,-87.601334,41.79430062054,-87.6014497734,member,1.7743,Saturday,March
8250E1926E8D464D,electric_bike,2025-03-23 13:05:22.496,2025-03-23 13:10:05.454,MLK Jr Dr & 29th St,TA1307000139,State St & 33rd St,13216,41.842052,-87.617,41.834734,-87.625813,member,4.7159666666666675,Sunday,March
7FF9DD24785374A4,electric_bike,2025-03-20 12:37:11.568,2025-03-20 12:42:38.569,MLK Jr Dr & 29th St,TA1307000139,State St & 33rd St,13216,41.842052,-87.617,41.834734,-87.625813,member,5.4500166666666665,Thursday,March
E7962157B197296A,classic_bike,2025-03-14 12:21:37.582,2025-03-14 12:24:22.794,Ellis Ave & 58th St,TA1309000011,Ellis Ave & 55th St,KA1504000076,41.788746,-87.601334,41.79430062054,-87.6014497734,member,2.753533333333333,Friday,March
EABB5C5111EC61BC,electric_bike,2025-03-21 20:01:12.571,2025-03-21 20:02:46.303,Ellis Ave & 58th St,TA1309000011,Ellis Ave & 55th St,KA1504000076,41.788746,-87.601334,41.79430062054,-87.6014497734,member,1.5622,Friday,March
864F63A34FB7DF44,classic_bike,2025-03-18 09:10:49.172,2025-03-18 09:13:31.841,Ellis Ave & 58th St,TA1309000011,Ellis Ave & 55th St,KA1504000076,41.788746,-87.601334,41.79430062054,-87.6014497734,member,2.7111500000000004,Tuesday,March
B20A84871EFD7E8B,electric_bike,2025-03-18 00:19:34.930,2025-03-18 00:24:23.314,Central Ave & Altgeld St,23182,Lavergne Ave & Fullerton Ave,21356,41.9258119,-87.7663685,41.924034,-87.751191,casual,4.8064,Tuesday,March
8508F18245B50150,electric_bike,2025-03-08 22:44:51.969,2025-03-08 22:51:22.531,Wabash Ave & Cermak Rd,TA1305000001,State St & 33rd St,13216,41.852619,-87.626488,41.834734,-87.625813,casual,6.509366666666667,Saturday,March
226B061B5D44BB1A,classic_bike,2025-03-13 12:21:45.765,2025-03-13 12:28:48.725,MLK Jr Dr & 29th St,TA1307000139,State St & 33rd St,13216,41.842052,-87.617,41.834734,-87.625813,casual,7.049333333333333,Thursday,March
31EDA9D53A340E40,classic_bike,2025-03-04 16:31:46.684,2025-03-04 16:34:05.856,Ellis Ave & 58th St,TA1309000011,Ellis Ave & 55th St,KA1504000076,41.788746,-87.601334,41.79430062054,-87.6014497734,member,2.3195333333333332,Tuesday,March
2E336086CCC5F8A5,classic_bike,2025-03-13 10:06:27.614,2025-03-13 10:13:50.074,MLK Jr Dr & 29th St,TA1307000139,State St & 33rd St,13216,41.842052,-87.617,41.834734,-87.625813,member,7.374333333333333,Thursday,March
AE64441DDB343B94,electric_bike,2025-03-06 11:39:27.963,2025-03-06 11:41:51.297,Ellis Ave & 58th St,TA1309000011,Ellis Ave & 55th St,KA1504000076,41.788746,-87.601334,41.79430062054,-87.6014497734,casual,2.3889,Thursday,March
DADDE9336B1B95A9,classic_bike,2025-03-30 09:08:13.316,2025-03-30 09:31:28.650,Wabash Ave & Cermak Rd,TA1305000001,Clark St & Chicago Ave,13303,41.852619,-87.626488,41.89675,-87.63089,member,23.255566666666667,Sunday,March
2B81EDB665F5E986,classic_bike,2025-03-08 13:22:07.538,2025-03-08 13:24:05.130,Ellis Ave & 58th St,TA1309000011,Ellis Ave & 55th St,KA1504000076,41.788746,-87.601334,41.79430062054,-87.6014497734,member,1.9598666666666666,Saturday,March
37CE2D31BA30D5FF,electric_bike,2025-03-28 13:30:11.910,2025-03-28 13:37:10.571,MLK Jr Dr & 29th St,TA1307000139,State St & 33rd St,13216,41.842038393,-87.616835952,41.834734,-87.625813,member,6.977683333333333,Friday,March
B2333E603FA5F845,electric_bike,2025-03-04 16:04:29.564,2025-03-04 16:06:14.216,Ellis Ave & 58th St,TA1309000011,Ellis Ave & 55th St,KA1504000076,41.788746,-87.601334,41.79430062054,-87.6014497734,member,1.7442,Tuesday,March
43E68A29C8C28ED1,classic_bike,2025-03-08 13:35:33.333,2025-03-08 13:37:20.464,Ellis Ave & 58th St,TA1309000011,Ellis Ave & 55th St,KA1504000076,41.788746,-87.601334,41.79430062054,-87.6014497734,member,1.7855166666666666,Saturday,March
6FE5212670F5AA0C,electric_bike,2025-03-27 09:39:13.920,2025-03-27 09:41:11.800,Ellis Ave & 58th St,TA1309000011,Ellis Ave & 55th St,KA1504000076,41.788740277,-87.601251125,41.79430062054,-87.6014497734,member,1.9646666666666666,Thursday,March
63E3C1C73AFA3DF9,electric_bike,2025-03-19 15:30:49.502,2025-03-19 15:32:39.069,Ellis Ave & 58th St,TA1309000011,Ellis Ave & 55th St,KA1504000076,41.788746,-87.601334,41.79430062054,-87.6014497734,member,1.8261166666666666,Wednesday,March
8119969A8AA03061,electric_bike,2025-03-24 15:18:51.602,2025-03-24 15:21:02.108,Ellis Ave & 58th St,TA1309000011,Ellis Ave & 55th St,KA1504000076,41.788746,-87.601334,41.79430062054,-87.6014497734,member,2.1751,Monday,March
D82CD78F8A08538D,electric_bike,2025-03-07 21:52:28.103,2025-03-07 21:57:07.881,MLK Jr Dr & 29th St,TA1307000139,State St & 33rd St,13216,41.842052,-87.617,41.834734,-87.625813,member,4.662966666666667,Friday,March
04813AD149C02149,electric_bike,2025-03-04 21:52:08.124,2025-03-04 21:58:13.034,MLK Jr Dr & 29th St,TA1307000139,State St & 33rd St,13216,41.842052,-87.617,41.834734,-87.625813,member,6.081833333333334,Tuesday,March
B06E6227014EB9BA,electric_bike,2025-03-25 22:11:51.606,2025-03-25 22:15:52.964,MLK Jr Dr & 29th St,TA1307000139,State St & 33rd St,13216,41.842052,-87.617,41.834734,-87.625813,member,4.022633333333333,Tuesday,March
D841EEC1E8478704,electric_bike,2025-03-11 21:54:47.998,2025-03-11 22:01:02.672,MLK Jr Dr & 29th St,TA1307000139,State St & 33rd St,13216,41.842052,-87.617,41.834734,-87.625813,member,6.244566666666667,Tuesday,March
CE950CBC29B8D7E9,electric_bike,2025-03-25 12:08:18.274,2025-03-25 12:13:28.897,MLK Jr Dr & 29th St,TA1307000139,State St & 33rd St,13216,41.842052817,-87.617029905,41.834734,-87.625813,member,5.1770499999999995,Tuesday,March
BA303578EC31E483,electric_bike,2025-03-02 17:29:05.924,2025-03-02 17:30:55.747,Ellis Ave & 58th St,TA1309000011,Ellis Ave & 55th St,KA1504000076,41.788746,-87.601334,41.79430062054,-87.6014497734,member,1.8303833333333333,Sunday,March
D7EBC6393668AFE1,classic_bike,2025-03-10 22:02:40.605,2025-03-10 22:17:17.606,Clarendon Ave & Leland Ave,TA1307000119,Clark St & Elmdale Ave,KA1504000148,41.967968,-87.650001,41.99086044812557,-87.66972362995148,member,14.616683333333333,Monday,March
89594CED2342EC3D,classic_bike,2025-03-17 19:57:32.235,2025-03-17 20:24:34.405,Mies van der Rohe Way & Chestnut St,15529,Columbus Dr & Randolph St,13263,41.8985866514,-87.6219152258,41.884728,-87.619521,casual,27.036166666666666,Monday,March
20C22174758DA7E1,classic_bike,2025-03-24 16:48:21.300,2025-03-24 17:01:03.871,Damen Ave & Thomas St (Augusta Blvd),TA1307000070,Kedzie Ave & Chicago Ave,KA1504000114,41.901315,-87.677409,41.89546530305,-87.7061278837,member,12.709516666666667,Monday,March
179B6AA8EB11E03F,electric_bike,2025-03-26 12:27:41.427,2025-03-26 12:30:48.771,Mies van der Rohe Way & Chestnut St,15529,Clark St & Chicago Ave,13303,41.8985866514,-87.6219152258,41.89675,-87.63089,member,3.1224,Wednesday,March
192D710315F7CA3D,electric_bike,2025-03-18 08:28:33.854,2025-03-18 08:38:33.354,Clark St & 9th St (AMLI),SL-009,Columbus Dr & Randolph St,13263,41.870869279,-87.631171703,41.884728,-87.619521,member,9.991666666666667,Tuesday,March
85379E8053A8B70F,electric_bike,2025-03-13 08:28:53.773,2025-03-13 08:39:19.324,Clark St & 9th St (AMLI),SL-009,Columbus Dr & Randolph St,13263,41.870816,-87.631246,41.884728,-87.619521,member,10.42585,Thursday,March
626CF2D833D12C1E,classic_bike,2025-03-10 07:40:32.997,2025-03-10 07:50:42.145,Clark St & Lincoln Ave,13179,Clark St & Chicago Ave,13303,41.915689,-87.6346,41.89675,-87.63089,member,10.152466666666667,Monday,March
6F0C3A6B04BFF878,classic_bike,2025-03-08 12:34:13.332,2025-03-08 12:51:53.459,Wabash Ave & Grand Ave,TA1307000117,Columbus Dr & Randolph St,13263,41.891466,-87.626761,41.884728,-87.619521,member,17.668783333333334,Saturday,March
6E5FCE1752C8CE2C,electric_bike,2025-03-03 20:59:44.991,2025-03-03 21:03:31.393,Wabash Ave & Grand Ave,TA1307000117,Columbus Dr & Randolph St,13263,41.891466,-87.626761,41.884728,-87.619521,member,3.7733666666666665,Monday,March
8DE4CDA79721A13C,classic_bike,2025-03-10 17:26:24.362,2025-03-10 17:35:42.811,Wabash Ave & Grand Ave,TA1307000117,Clark St & Chicago Ave,13303,41.891466,-87.626761,41.89675,-87.63089,member,9.307483333333332,Monday,March
91369090CE2042DE,classic_bike,2025-03-13 12:36:34.482,2025-03-13 12:44:00.603,MLK Jr Dr & 29th St,TA1307000139,State St & 33rd St,13216,41.842052,-87.617,41.834734,-87.625813,member,7.43535,Thursday,March
D9547D70E6741BB3,classic_bike,2025-03-02 20:20:01.121,2025-03-02 20:25:50.336,MLK Jr Dr & 29th St,TA1307000139,State St & 33rd St,13216,41.842052,-87.617,41.834734,-87.625813,member,5.82025,Sunday,March
05838A0BADDEA464,classic_bike,2025-03-09 13:07:52.299,2025-03-09 13:10:10.620,Ellis Ave & 58th St,TA1309000011,Ellis Ave & 55th St,KA1504000076,41.788746,-87.601334,41.79430062054,-87.6014497734,member,2.30535,Sunday,March
DBDAE7072A52BD40,electric_bike,2025-03-28 06:58:10.826,2025-03-28 07:12:14.876,Sedgwick St & Webster Ave,13191,Columbus Dr & Randolph St,13263,41.922167,-87.638888,41.884728,-87.619521,member,14.067499999999999,Friday,March
5E0F6035821509CE,classic_bike,2025-03-25 13:57:00.155,2025-03-25 13:59:57.875,Ellis Ave & 58th St,TA1309000011,Ellis Ave & 55th St,KA1504000076,41.788746,-87.601334,41.79430062054,-87.6014497734,member,2.962,Tuesday,March
9A0F558804075FD5,classic_bike,2025-03-18 16:37:05.402,2025-03-18 16:58:37.268,Campbell Ave & Montrose Ave,15623,Clark St & Grace St,TA1307000127,41.961524,-87.691177,41.95078,-87.659172,member,21.5311,Tuesday,March
9149226CBA5AB91A,classic_bike,2025-03-15 16:03:28.146,2025-03-15 16:28:07.435,Campbell Ave & Montrose Ave,15623,Avers Ave & Belmont Ave,15640,41.961524,-87.691177,41.939408,-87.723574,member,24.654816666666665,Saturday,March
38C571691A42D5B8,electric_bike,2025-03-03 18:55:18.016,2025-03-03 19:04:45.273,Campbell Ave & Montrose Ave,15623,Monticello Ave & Lawrence Ave,23108,41.961524,-87.691177,41.968204,-87.719547,member,9.454283333333333,Monday,March
0DC08E38FC845755,classic_bike,2025-03-29 08:58:06.130,2025-03-29 09:21:28.874,California Ave & Division St,13256,Sheffield Ave & Fullerton Ave,TA1306000016,41.903029,-87.697474,41.9256163,-87.6536574,member,23.379066666666667,Saturday,March
B68539F6A2AD1690,classic_bike,2025-03-29 11:15:09.859,2025-03-29 11:56:05.470,DuSable Lake Shore Dr & Diversey Pkwy,TA1309000039,Columbus Dr & Randolph St,13263,41.932588,-87.636427,41.884728,-87.619521,member,40.926849999999995,Saturday,March
7F8BC50117F09892,classic_bike,2025-03-10 07:57:42.163,2025-03-10 08:14:01.478,Federal St & Polk St,SL-008,Columbus Dr & Randolph St,13263,41.87207763285,-87.6295437729,41.884728,-87.619521,member,16.321916666666667,Monday,March
FEDB4B974DC4D9A4,classic_bike,2025-03-10 18:44:13.279,2025-03-10 18:53:43.382,Federal St & Polk St,SL-008,Columbus Dr & Randolph St,13263,41.87207763285,-87.6295437729,41.884728,-87.619521,member,9.501716666666665,Monday,March
5E70B9E1F6BB1E37,classic_bike,2025-03-13 18:01:20.718,2025-03-13 18:04:50.569,State St & 35th St,TA1307000129,State St & 33rd St,13216,41.8310363140161,-87.62679755687714,41.834734,-87.625813,member,3.497516666666667,Thursday,March
7FABC860A1ACC34A,classic_bike,2025-03-07 18:16:54.546,2025-03-07 18:19:59.059,State St & 35th St,TA1307000129,State St & 33rd St,13216,41.8310363140161,-87.62679755687714,41.834734,-87.625813,member,3.075216666666667,Friday,March
437CD8EDB7E97A1C,classic_bike,2025-03-19 09:57:02.389,2025-03-19 10:10:58.440,Keystone Ave & Fullerton Ave,16010,Lavergne Ave & Fullerton Ave,21356,41.92459,-87.72785,41.924034,-87.751191,casual,13.934183333333333,Wednesday,March
B030E47561902239,electric_bike,2025-03-27 18:52:01.868,2025-03-27 19:41:23.406,State St & 35th St,TA1307000129,State St & 33rd St,13216,41.8310363140161,-87.62679755687714,41.834734,-87.625813,member,49.35896666666667,Thursday,March
4C99811E4ED4350E,classic_bike,2025-03-05 13:45:05.149,2025-03-05 13:47:46.154,State St & 35th St,TA1307000129,State St & 33rd St,13216,41.8310363140161,-87.62679755687714,41.834734,-87.625813,member,2.6834166666666666,Wednesday,March
2A1642F0AE7B21FD,electric_bike,2025-03-21 18:27:19.018,2025-03-21 18:32:23.043,Lincoln Ave & Belle Plaine Ave,TA1309000026,Campbell Ave & Irving Park Rd,439,41.95600355078549,-87.68016144633293,41.953634,-87.690782,member,5.067083333333333,Friday,March
4BEED5ADAAB50FC5,classic_bike,2025-03-19 08:41:42.845,2025-03-19 08:52:05.703,Federal St & Polk St,SL-008,Columbus Dr & Randolph St,13263,41.87207763285,-87.6295437729,41.884728,-87.619521,casual,10.380966666666666,Wednesday,March
0BA51172A1EE4FF9,electric_bike,2025-03-21 20:06:03.308,2025-03-21 20:07:45.066,DuSable Lake Shore Dr & Diversey Pkwy,TA1309000039,Hampden Ct & Diversey Ave,202480.0,41.932588,-87.636427,41.9325593,-87.6423847,member,1.6959666666666666,Friday,March
D4CB011AACC4AE8A,classic_bike,2025-03-29 15:39:47.403,2025-03-29 15:57:58.744,Federal St & Polk St,SL-008,Clark St & Chicago Ave,13303,41.87207763285,-87.6295437729,41.89675,-87.63089,casual,18.189016666666664,Saturday,March
CD48B752864FED9C,electric_bike,2025-03-12 13:13:26.729,2025-03-12 13:15:37.951,State St & 35th St,TA1307000129,State St & 33rd St,13216,41.8310363140161,-87.62679755687714,41.834734,-87.625813,member,2.1870333333333334,Wednesday,March
C2674A3938AB28E2,electric_bike,2025-03-06 15:01:12.854,2025-03-06 15:40:11.662,Lincoln Ave & Belle Plaine Ave,TA1309000026,Columbus Dr & Randolph St,13263,41.95600355078549,-87.68016144633293,41.884728,-87.619521,member,38.980133333333335,Thursday,March
61FD727C290F355C,electric_bike,2025-03-27 22:22:02.844,2025-03-27 22:23:31.547,State St & 35th St,TA1307000129,State St & 33rd St,13216,41.8310363140161,-87.62679755687714,41.834734,-87.625813,member,1.4783833333333334,Thursday,March
EFE69413E99B26C7,electric_bike,2025-03-11 08:11:34.113,2025-03-11 08:23:01.542,Clark St & 9th St (AMLI),SL-009,Columbus Dr & Randolph St,13263,41.870818257,-87.631118774,41.884728,-87.619521,member,11.45715,Tuesday,March
B02F4ABA7E04895B,electric_bike,2025-03-10 12:38:24.100,2025-03-10 12:42:05.284,Fairbanks Ct & Grand Ave,TA1305000003,Columbus Dr & Randolph St,13263,41.89184737210993,-87.62058019638062,41.884728,-87.619521,member,3.6864,Monday,March
484AD8E1178EA484,electric_bike,2025-03-01 18:14:50.168,2025-03-01 18:19:26.717,Fairbanks Ct & Grand Ave,TA1305000003,Clark St & Chicago Ave,13303,41.89184737210993,-87.62058019638062,41.89675,-87.63089,member,4.60915,Saturday,March
9598241D8F4AEA04,electric_bike,2025-03-03 06:32:05.281,2025-03-03 06:36:11.388,Wells St & Evergreen Ave,TA1308000049,Clark St & Chicago Ave,13303,41.906724,-87.63483,41.89675,-87.63089,member,4.101783333333334,Monday,March
499BD69DC6AA6900,classic_bike,2025-03-14 17:35:55.304,2025-03-14 17:46:19.604,New St & Illinois St,TA1306000013,Clark St & Chicago Ave,13303,41.89084704062381,-87.61861681938171,41.89675,-87.63089,member,10.405,Friday,March
F673B3BA6F5CED2B,electric_bike,2025-03-01 12:19:06.837,2025-03-01 12:21:33.442,Ellis Ave & 60th St,KA1503000014,Ellis Ave & 55th St,KA1504000076,41.78509714636,-87.6010727606,41.79430062054,-87.6014497734,member,2.4434166666666663,Saturday,March
C74209857B85EC0C,classic_bike,2025-03-03 00:25:53.558,2025-03-03 00:30:27.805,Ellis Ave & 60th St,KA1503000014,Ellis Ave & 55th St,KA1504000076,41.78509714636,-87.6010727606,41.79430062054,-87.6014497734,member,4.570783333333334,Monday,March
661C664B06101D18,classic_bike,2025-03-14 20:13:36.284,2025-03-14 20:17:09.945,Ellis Ave & 60th St,KA1503000014,Ellis Ave & 55th St,KA1504000076,41.78509714636,-87.6010727606,41.79430062054,-87.6014497734,member,3.5610166666666667,Friday,March
2BC969A48F658E09,electric_bike,2025-03-06 08:31:50.729,2025-03-06 08:38:14.016,MLK Jr Dr & 29th St,TA1307000139,State St & 33rd St,13216,41.842052,-87.617,41.834734,-87.625813,member,6.388116666666666,Thursday,March
0697778B9FB0FE89,electric_bike,2025-03-11 08:16:09.247,2025-03-11 08:23:56.266,MLK Jr Dr & 29th St,TA1307000139,State St & 33rd St,13216,41.842052,-87.617,41.834734,-87.625813,member,7.78365,Tuesday,March
C7D4732198F2B14C,electric_bike,2025-03-18 13:05:11.364,2025-03-18 13:10:44.540,MLK Jr Dr & 29th St,TA1307000139,State St & 33rd St,13216,41.842052,-87.617,41.834734,-87.625813,member,5.552933333333333,Tuesday,March
DF222A4F1D0B4FC6,classic_bike,2025-03-14 19:50:16.524,2025-03-14 20:01:07.788,Clark St & North Ave,13128,Clark St & Chicago Ave,13303,41.911974,-87.631942,41.89675,-87.63089,member,10.8544,Friday,March
51A55EAF0F46549F,electric_bike,2025-03-26 15:52:24.224,2025-03-26 15:58:24.956,MLK Jr Dr & 29th St,TA1307000139,State St & 33rd St,13216,41.842052,-87.617,41.834734,-87.625813,member,6.012200000000001,Wednesday,March
10B4D4DDA0194703,electric_bike,2025-03-03 13:57:24.959,2025-03-03 14:03:13.136,MLK Jr Dr & 29th St,TA1307000139,State St & 33rd St,13216,41.842052,-87.617,41.834734,-87.625813,member,5.80295,Monday,March
021255B993E33267,electric_bike,2025-03-23 07:24:51.067,2025-03-23 07:29:05.609,Clark St & North Ave,13128,Clark St & Chicago Ave,13303,41.911974,-87.631942,41.89675,-87.63089,member,4.242366666666666,Sunday,March
9044DA59AEFE9C25,classic_bike,2025-03-25 10:52:56.739,2025-03-25 11:02:00.768,MLK Jr Dr & 29th St,TA1307000139,State St & 33rd St,13216,41.842052,-87.617,41.834734,-87.625813,member,9.06715,Tuesday,March
BABECA11652A1BDB,electric_bike,2025-03-06 11:20:32.388,2025-03-06 11:28:54.949,MLK Jr Dr & 29th St,TA1307000139,State St & 33rd St,13216,41.842052,-87.617,41.834734,-87.625813,member,8.376016666666667,Thursday,March
519AE5B154CA405C,classic_bike,2025-03-06 19:39:06.524,2025-03-06 19:58:47.347,Lincoln Ave & Sunnyside Ave,TA1307000156,Clark St & Elmdale Ave,KA1504000148,41.963004,-87.684781,41.99086044812557,-87.66972362995148,member,19.680383333333335,Thursday,March
0DADA49157C428E2,electric_bike,2025-03-05 13:14:52.717,2025-03-05 13:20:25.567,Sedgwick St & Webster Ave,13191,Hampden Ct & Diversey Ave,202480.0,41.922167,-87.638888,41.9325593,-87.6423847,member,5.5475,Wednesday,March
9844C2CC9177278B,classic_bike,2025-03-19 13:31:41.652,2025-03-19 13:37:37.381,MLK Jr Dr & 29th St,TA1307000139,State St & 33rd St,13216,41.842052,-87.617,41.834734,-87.625813,member,5.928816666666666,Wednesday,March
2D9AA3352C5AA9ED,electric_bike,2025-03-25 20:04:46.475,2025-03-25 20:12:26.062,Wabash Ave & Cermak Rd,TA1305000001,State St & 33rd St,13216,41.852619,-87.626488,41.834734,-87.625813,member,7.659783333333333,Tuesday,March
61D68FD48D735E3D,classic_bike,2025-03-13 11:33:33.110,2025-03-13 11:41:10.483,MLK Jr Dr & 29th St,TA1307000139,State St & 33rd St,13216,41.842052,-87.617,41.834734,-87.625813,member,7.622883333333333,Thursday,March
32F048B195CDEFFC,classic_bike,2025-03-25 12:29:08.853,2025-03-25 12:38:54.684,MLK Jr Dr & 29th St,TA1307000139,State St & 33rd St,13216,41.842052,-87.617,41.834734,-87.625813,member,9.76385,Tuesday,March
AAB66B61521AE4A5,classic_bike,2025-03-12 12:23:06.733,2025-03-12 12:31:10.049,MLK Jr Dr & 29th St,TA1307000139,State St & 33rd St,13216,41.842052,-87.617,41.834734,-87.625813,member,8.055266666666666,Wednesday,March
3338887E33C0AEEE,electric_bike,2025-03-19 16:22:05.438,2025-03-19 16:27:12.375,MLK Jr Dr & 29th St,TA1307000139,State St & 33rd St,13216,41.842052,-87.617,41.834734,-87.625813,member,5.115616666666667,Wednesday,March
5A460B5AFBB269D8,electric_bike,2025-03-21 13:14:31.323,2025-03-21 13:20:15.512,MLK Jr Dr & 29th St,TA1307000139,State St & 33rd St,13216,41.842052,-87.617,41.834734,-87.625813,member,5.736483333333334,Friday,March
6314D7D2F1FB7489,electric_bike,2025-03-14 09:29:51.506,2025-03-14 09:42:19.095,Clark St & North Ave,13128,Columbus Dr & Randolph St,13263,41.911974,-87.631942,41.884728,-87.619521,member,12.459816666666667,Friday,March
79730F6C59E19EBF,electric_bike,2025-03-15 09:40:25.644,2025-03-15 09:45:26.148,MLK Jr Dr & 29th St,TA1307000139,State St & 33rd St,13216,41.842052,-87.617,41.834734,-87.625813,member,5.0084,Saturday,March
D9B556417C23CB3C,electric_bike,2025-03-30 09:23:02.346,2025-03-30 09:29:27.766,MLK Jr Dr & 29th St,TA1307000139,State St & 33rd St,13216,41.842052,-87.617,41.834734,-87.625813,member,6.423666666666667,Sunday,March
CD092A24B0F08DAA,classic_bike,2025-03-27 21:00:21.586,2025-03-27 21:03:14.412,Ellis Ave & 58th St,TA1309000011,Ellis Ave & 55th St,KA1504000076,41.788746,-87.601334,41.79430062054,-87.6014497734,member,2.8804333333333334,Thursday,March
C0D97F2790670B83,electric_bike,2025-03-29 10:05:07.487,2025-03-29 10:06:53.909,Ellis Ave & 58th St,TA1309000011,Ellis Ave & 55th St,KA1504000076,41.788746,-87.601334,41.79430062054,-87.6014497734,member,1.7737,Saturday,March
0B7C6A6B49566613,classic_bike,2025-03-15 10:20:06.199,2025-03-15 10:22:33.037,Ellis Ave & 58th St,TA1309000011,Ellis Ave & 55th St,KA1504000076,41.788746,-87.601334,41.79430062054,-87.6014497734,member,2.4473,Saturday,March
9CA2EF9DDE19B940,classic_bike,2025-03-06 12:02:05.390,2025-03-06 12:05:02.818,Ellis Ave & 58th St,TA1309000011,Ellis Ave & 55th St,KA1504000076,41.788746,-87.601334,41.79430062054,-87.6014497734,member,2.957133333333333,Thursday,March
FB77811A40941F63,classic_bike,2025-03-22 18:55:24.474,2025-03-22 19:06:16.172,Sedgwick St & Webster Ave,13191,Clark St & Chicago Ave,13303,41.922167,-87.638888,41.89675,-87.63089,member,10.861633333333334,Saturday,March
000E7C8A23C6653E,classic_bike,2025-03-03 17:55:43.469,2025-03-03 17:58:10.163,Ellis Ave & 58th St,TA1309000011,Ellis Ave & 55th St,KA1504000076,41.788746,-87.601334,41.79430062054,-87.6014497734,member,2.4448999999999996,Monday,March
563E7BF935E92C46,electric_bike,2025-03-15 16:30:27.028,2025-03-15 16:55:59.942,Clark St & Grace St,TA1307000127,Hampden Ct & Diversey Ave,202480.0,41.95078,-87.659172,41.9325593,-87.6423847,casual,25.548566666666666,Saturday,March
573327AD3E58A3D7,electric_bike,2025-03-15 16:31:29.321,2025-03-15 16:55:31.938,Clark St & Grace St,TA1307000127,Hampden Ct & Diversey Ave,202480.0,41.95078,-87.659172,41.9325593,-87.6423847,casual,24.043616666666665,Saturday,March
DCC77AE18C55F705,electric_bike,2025-03-08 13:30:46.935,2025-03-08 13:32:53.231,Ellis Ave & 58th St,TA1309000011,Ellis Ave & 55th St,KA1504000076,41.788746,-87.601334,41.79430062054,-87.6014497734,member,2.1049333333333333,Saturday,March
53E4D0760D862B38,classic_bike,2025-03-25 14:23:07.595,2025-03-25 14:25:26.700,Ellis Ave & 58th St,TA1309000011,Ellis Ave & 55th St,KA1504000076,41.788746,-87.601334,41.79430062054,-87.6014497734,member,2.3184166666666663,Tuesday,March
A56D1B5361C0F083,electric_bike,2025-03-08 22:43:53.971,2025-03-08 22:51:07.104,Wabash Ave & Cermak Rd,TA1305000001,State St & 33rd St,13216,41.852619,-87.626488,41.834734,-87.625813,casual,7.218883333333333,Saturday,March
DE024889E4EA662D,classic_bike,2025-03-09 09:43:23.082,2025-03-09 09:50:36.431,MLK Jr Dr & 29th St,TA1307000139,State St & 33rd St,13216,41.842052,-87.617,41.834734,-87.625813,casual,7.222483333333333,Sunday,March
12FDE2CCE4E6E42C,electric_bike,2025-03-27 16:06:13.983,2025-03-27 16:08:33.692,Ellis Ave & 58th St,TA1309000011,Ellis Ave & 55th St,KA1504000076,41.788746,-87.601334,41.79430062054,-87.6014497734,casual,2.3284833333333332,Thursday,March
C32A4BB1A983219A,electric_bike,2025-03-04 11:30:46.544,2025-03-04 11:34:47.978,MLK Jr Dr & 29th St,TA1307000139,State St & 33rd St,13216,41.841998696,-87.617014766,41.834734,-87.625813,member,4.0239,Tuesday,March
3021BAB58F61DABF,electric_bike,2025-03-12 18:31:49.744,2025-03-12 18:37:18.195,MLK Jr Dr & 29th St,TA1307000139,State St & 33rd St,13216,41.842052,-87.617,41.834734,-87.625813,member,5.474183333333333,Wednesday,March
FDC6045D569554AA,electric_bike,2025-03-18 08:06:49.954,2025-03-18 08:24:22.338,Sedgwick St & Webster Ave,13191,Columbus Dr & Randolph St,13263,41.922167,-87.638888,41.884728,-87.619521,member,17.539733333333334,Tuesday,March
48CDE114526A6C33,electric_bike,2025-03-05 12:52:42.868,2025-03-05 12:54:31.708,Ellis Ave & 58th St,TA1309000011,Ellis Ave & 55th St,KA1504000076,41.788746,-87.601334,41.79430062054,-87.6014497734,member,1.814,Wednesday,March
1A8ADE8A6A22CF0F,classic_bike,2025-03-29 13:10:58.376,2025-03-29 13:13:59.678,Ellis Ave & 58th St,TA1309000011,Ellis Ave & 55th St,KA1504000076,41.788746,-87.601334,41.79430062054,-87.6014497734,member,3.0217,Saturday,March
C62212C7C2342166,classic_bike,2025-03-25 15:06:36.041,2025-03-25 15:15:11.562,MLK Jr Dr & 29th St,TA1307000139,State St & 33rd St,13216,41.842052,-87.617,41.834734,-87.625813,member,8.592016666666666,Tuesday,March
CAA2888486952EA7,classic_bike,2025-03-30 10:28:56.999,2025-03-30 10:31:31.908,Ellis Ave & 58th St,TA1309000011,Ellis Ave & 55th St,KA1504000076,41.788746,-87.601334,41.79430062054,-87.6014497734,member,2.5818166666666666,Sunday,March
A8EFBB9C1A0AF8DB,classic_bike,2025-03-26 11:59:53.023,2025-03-26 12:07:14.196,MLK Jr Dr & 29th St,TA1307000139,State St & 33rd St,13216,41.842052,-87.617,41.834734,-87.625813,member,7.352883333333334,Wednesday,March
1F66F562DA23BE2C,electric_bike,2025-03-26 15:17:39.625,2025-03-26 15:19:46.248,Ellis Ave & 58th St,TA1309000011,Ellis Ave & 55th St,KA1504000076,41.788746,-87.601334,41.79430062054,-87.6014497734,member,2.1103833333333335,Wednesday,March
2CF02DCEBDCA3D5B,classic_bike,2025-03-29 10:03:22.160,2025-03-29 10:05:59.725,Ellis Ave & 58th St,TA1309000011,Ellis Ave & 55th St,KA1504000076,41.788746,-87.601334,41.79430062054,-87.6014497734,member,2.6260833333333333,Saturday,March
E20D4AFC987901E1,classic_bike,2025-03-04 15:46:13.601,2025-03-04 15:48:59.656,Ellis Ave & 58th St,TA1309000011,Ellis Ave & 55th St,KA1504000076,41.788746,-87.601334,41.79430062054,-87.6014497734,member,2.7675833333333335,Tuesday,March
C3D17CE44E2C4779,electric_bike,2025-03-21 22:10:02.944,2025-03-21 22:14:48.868,MLK Jr Dr & 29th St,TA1307000139,State St & 33rd St,13216,41.842052,-87.617,41.834734,-87.625813,member,4.7654,Friday,March
EA5969A17D6677DC,electric_bike,2025-03-19 18:23:25.094,2025-03-19 18:30:34.095,MLK Jr Dr & 29th St,TA1307000139,State St & 33rd St,13216,41.842052,-87.617,41.834734,-87.625813,member,7.150016666666667,Wednesday,March
FD5B14E48EF8B0E8,classic_bike,2025-03-27 09:04:45.560,2025-03-27 09:11:54.614,MLK Jr Dr & 29th St,TA1307000139,State St & 33rd St,13216,41.842052,-87.617,41.834734,-87.625813,member,7.150899999999999,Thursday,March
385A825A22D6439E,classic_bike,2025-03-09 14:37:54.654,2025-03-09 14:40:42.624,Ellis Ave & 58th St,TA1309000011,Ellis Ave & 55th St,KA1504000076,41.788746,-87.601334,41.79430062054,-87.6014497734,member,2.7995,Sunday,March
0645BB80BDA837D6,classic_bike,2025-03-03 16:09:16.401,2025-03-03 16:11:47.675,Ellis Ave & 58th St,TA1309000011,Ellis Ave & 55th St,KA1504000076,41.788746,-87.601334,41.79430062054,-87.6014497734,member,2.5212333333333334,Monday,March
B5630A72831F7AC2,classic_bike,2025-03-15 15:02:05.951,2025-03-15 15:04:31.876,Ellis Ave & 58th St,TA1309000011,Ellis Ave & 55th St,KA1504000076,41.788746,-87.601334,41.79430062054,-87.6014497734,member,2.4320833333333334,Saturday,March
15544D39AA95D44B,classic_bike,2025-03-14 15:00:04.190,2025-03-14 15:02:36.823,Ellis Ave & 58th St,TA1309000011,Ellis Ave & 55th St,KA1504000076,41.788746,-87.601334,41.79430062054,-87.6014497734,member,2.5438833333333335,Friday,March
BD6CCA01423F76B1,classic_bike,2025-03-17 15:50:14.534,2025-03-17 15:52:42.810,Ellis Ave & 58th St,TA1309000011,Ellis Ave & 55th St,KA1504000076,41.788746,-87.601334,41.79430062054,-87.6014497734,member,2.4712666666666667,Monday,March
9B843F97A6219AD5,classic_bike,2025-03-05 14:35:08.495,2025-03-05 14:37:57.037,Ellis Ave & 58th St,TA1309000011,Ellis Ave & 55th St,KA1504000076,41.788746,-87.601334,41.79430062054,-87.6014497734,member,2.8090333333333333,Wednesday,March
1ED2266AAAE714BD,classic_bike,2025-03-09 15:09:24.506,2025-03-09 15:11:12.176,Ellis Ave & 58th St,TA1309000011,Ellis Ave & 55th St,KA1504000076,41.788746,-87.601334,41.79430062054,-87.6014497734,member,1.7945,Sunday,March
A6840482EF848EAC,classic_bike,2025-03-24 15:42:20.763,2025-03-24 15:45:54.987,Ellis Ave & 58th St,TA1309000011,Ellis Ave & 55th St,KA1504000076,41.788746,-87.601334,41.79430062054,-87.6014497734,member,3.5704,Monday,March
5C23930E1F988922,electric_bike,2025-03-17 11:33:50.158,2025-03-17 11:39:56.457,MLK Jr Dr & 29th St,TA1307000139,State St & 33rd St,13216,41.842052,-87.617,41.834734,-87.625813,member,6.104983333333333,Monday,March
2883B77D81BDFDB5,electric_bike,2025-03-11 11:24:52.985,2025-03-11 11:29:58.254,MLK Jr Dr & 29th St,TA1307000139,State St & 33rd St,13216,41.842052,-87.617,41.834734,-87.625813,member,5.087816666666667,Tuesday,March
9BBA67C67F817CB2,classic_bike,2025-03-26 11:37:47.041,2025-03-26 11:44:15.913,MLK Jr Dr & 29th St,TA1307000139,State St & 33rd St,13216,41.842052,-87.617,41.834734,-87.625813,member,6.4812,Wednesday,March
940B9BECC348D032,electric_bike,2025-03-24 12:37:05.463,2025-03-24 12:41:47.783,MLK Jr Dr & 29th St,TA1307000139,State St & 33rd St,13216,41.842052,-87.617,41.834734,-87.625813,member,4.705333333333333,Monday,March
6E82A3DBDC3D4C76,classic_bike,2025-03-31 14:09:01.142,2025-03-31 14:11:27.998,Ellis Ave & 58th St,TA1309000011,Ellis Ave & 55th St,KA1504000076,41.788746,-87.601334,41.79430062054,-87.6014497734,member,2.4476,Monday,March
25BF2D62A43EB0B7,classic_bike,2025-03-27 12:25:27.294,2025-03-27 12:28:41.615,Ellis Ave & 58th St,TA1309000011,Ellis Ave & 55th St,KA1504000076,41.788746,-87.601334,41.79430062054,-87.6014497734,member,3.2386833333333334,Thursday,March
D74DB51C63B55DBA,electric_bike,2025-03-14 15:35:03.285,2025-03-14 16:20:52.024,Ellis Ave & 58th St,TA1309000011,Clark St & Chicago Ave,13303,41.788746,-87.601334,41.89675,-87.63089,member,45.81231666666667,Friday,March
A4E6150114D8706E,electric_bike,2025-03-20 10:36:21.648,2025-03-20 10:41:16.816,MLK Jr Dr & 29th St,TA1307000139,State St & 33rd St,13216,41.842052,-87.617,41.834734,-87.625813,member,4.919466666666667,Thursday,March
9001BD3A550034A4,classic_bike,2025-03-13 10:03:47.755,2025-03-13 10:11:59.664,MLK Jr Dr & 29th St,TA1307000139,State St & 33rd St,13216,41.842052,-87.617,41.834734,-87.625813,member,8.198483333333334,Thursday,March
B89280AD9AAF84E7,electric_bike,2025-03-14 14:27:05.980,2025-03-14 14:45:11.345,Avers Ave & Belmont Ave,15640,Campbell Ave & Irving Park Rd,439,41.939408,-87.723574,41.953634,-87.690782,casual,18.08941666666667,Friday,March
508403663BA9A155,electric_bike,2025-03-30 12:29:59.615,2025-03-30 12:31:48.350,Ellis Ave & 58th St,TA1309000011,Ellis Ave & 55th St,KA1504000076,41.788746,-87.601334,41.79430062054,-87.6014497734,casual,1.81225,Sunday,March
5EAA4B09684607C1,classic_bike,2025-03-29 15:44:59.653,2025-03-29 16:16:50.752,Sedgwick St & Webster Ave,13191,Columbus Dr & Randolph St,13263,41.922167,-87.638888,41.884728,-87.619521,casual,31.85165,Saturday,March
6428A441FA154DBC,classic_bike,2025-03-29 15:45:47.943,2025-03-29 16:16:48.668,Sedgwick St & Webster Ave,13191,Columbus Dr & Randolph St,13263,41.922167,-87.638888,41.884728,-87.619521,casual,31.012083333333333,Saturday,March
75C9B50E2B889139,electric_bike,2025-03-27 15:42:57.375,2025-03-27 15:49:54.787,MLK Jr Dr & 29th St,TA1307000139,State St & 33rd St,13216,41.842052,-87.617,41.834734,-87.625813,member,6.9568666666666665,Thursday,March
5FE97CDE4CC2F4AC,electric_bike,2025-03-14 16:41:18.331,2025-03-14 17:02:55.886,Ellis Ave & 58th St,TA1309000011,Ellis Ave & 55th St,KA1504000076,41.788746,-87.601334,41.79430062054,-87.6014497734,casual,21.62591666666667,Friday,March
6FDA6EFEA03CA06D,electric_bike,2025-03-14 16:40:25.437,2025-03-14 17:02:18.764,Ellis Ave & 58th St,TA1309000011,Ellis Ave & 55th St,KA1504000076,41.788746,-87.601334,41.79430062054,-87.6014497734,casual,21.888783333333333,Friday,March
C7F14C2C88ABEB86,electric_bike,2025-03-12 15:48:49.425,2025-03-12 15:54:23.157,MLK Jr Dr & 29th St,TA1307000139,State St & 33rd St,13216,41.842052,-87.617,41.834734,-87.625813,casual,5.562200000000001,Wednesday,March
D9831C1AB38A720C,electric_bike,2025-03-26 08:31:50.590,2025-03-26 08:47:47.704,Clark St & North Ave,13128,Columbus Dr & Randolph St,13263,41.911974,-87.631942,41.884728,-87.619521,member,15.9519,Wednesday,March
86701C6C2DB76D38,classic_bike,2025-03-27 13:11:47.185,2025-03-27 13:21:46.980,MLK Jr Dr & 29th St,TA1307000139,State St & 33rd St,13216,41.842052,-87.617,41.834734,-87.625813,member,9.996583333333332,Thursday,March
4AE7E9A944C0D70C,electric_bike,2025-03-22 12:17:36.818,2025-03-22 12:21:46.376,MLK Jr Dr & 29th St,TA1307000139,State St & 33rd St,13216,41.842052,-87.617,41.834734,-87.625813,member,4.1593,Saturday,March
0648E4863598DE82,classic_bike,2025-03-24 12:36:13.476,2025-03-24 12:43:55.685,MLK Jr Dr & 29th St,TA1307000139,State St & 33rd St,13216,41.842052,-87.617,41.834734,-87.625813,member,7.703483333333334,Monday,March
00E265F0403E687A,classic_bike,2025-03-21 14:26:05.429,2025-03-21 14:28:37.700,Ellis Ave & 58th St,TA1309000011,Ellis Ave & 55th St,KA1504000076,41.788746,-87.601334,41.79430062054,-87.6014497734,member,2.5378499999999997,Friday,March
A4B6574B3B322A5D,electric_bike,2025-03-14 12:47:26.082,2025-03-14 12:51:36.970,MLK Jr Dr & 29th St,TA1307000139,State St & 33rd St,13216,41.842052,-87.617,41.834734,-87.625813,member,4.181466666666667,Friday,March
F7C5BD5A3D7847EF,electric_bike,2025-03-04 21:38:26.884,2025-03-04 21:40:28.637,Ellis Ave & 58th St,TA1309000011,Ellis Ave & 55th St,KA1504000076,41.788746,-87.601334,41.79430062054,-87.6014497734,member,2.0292166666666667,Tuesday,March
CE1284B0D29C99F3,electric_bike,2025-03-28 21:54:40.069,2025-03-28 22:00:00.818,MLK Jr Dr & 29th St,TA1307000139,State St & 33rd St,13216,41.842052,-87.617,41.834734,-87.625813,member,5.345816666666667,Friday,March
74DDAAC2E627032F,classic_bike,2025-03-26 11:27:13.999,2025-03-26 11:33:44.094,MLK Jr Dr & 29th St,TA1307000139,State St & 33rd St,13216,41.842052,-87.617,41.834734,-87.625813,member,6.5015833333333335,Wednesday,March
B755AAC37711A1A3,classic_bike,2025-03-07 15:29:46.950,2025-03-07 15:32:32.445,Ellis Ave & 58th St,TA1309000011,Ellis Ave & 55th St,KA1504000076,41.788746,-87.601334,41.79430062054,-87.6014497734,member,2.75825,Friday,March
A8CE95C5331237B0,classic_bike,2025-03-25 12:13:55.877,2025-03-25 12:18:32.627,Ellis Ave & 58th St,TA1309000011,Ellis Ave & 55th St,KA1504000076,41.788746,-87.601334,41.79430062054,-87.6014497734,member,4.6125,Tuesday,March
4276F694AB5C269B,classic_bike,2025-03-17 13:35:41.744,2025-03-17 13:53:07.149,MLK Jr Dr & 29th St,TA1307000139,State St & 33rd St,13216,41.842052,-87.617,41.834734,-87.625813,member,17.423416666666665,Monday,March
A87CD7948928265E,classic_bike,2025-03-25 15:29:59.333,2025-03-25 15:32:39.459,Ellis Ave & 58th St,TA1309000011,Ellis Ave & 55th St,KA1504000076,41.788746,-87.601334,41.79430062054,-87.6014497734,member,2.668766666666667,Tuesday,March
9B57612F4869BAB2,electric_bike,2025-03-30 16:32:55.287,2025-03-30 16:35:55.326,Wabash Ave & Grand Ave,TA1307000117,Clark St & Chicago Ave,13303,41.891466,-87.626761,41.89675,-87.63089,member,3.00065,Sunday,March
4CCDB22FABD070BB,classic_bike,2025-03-28 09:40:09.541,2025-03-28 09:45:06.272,Wabash Ave & Grand Ave,TA1307000117,Clark St & Chicago Ave,13303,41.891466,-87.626761,41.89675,-87.63089,member,4.945516666666666,Friday,March
07B4AD87440B609F,classic_bike,2025-03-22 09:35:19.225,2025-03-22 09:39:03.630,Wabash Ave & Grand Ave,TA1307000117,Clark St & Chicago Ave,13303,41.891466,-87.626761,41.89675,-87.63089,member,3.740083333333333,Saturday,March
C1419AEEA2BB5127,classic_bike,2025-03-25 09:11:05.231,2025-03-25 09:16:24.198,Wabash Ave & Grand Ave,TA1307000117,Clark St & Chicago Ave,13303,41.891466,-87.626761,41.89675,-87.63089,member,5.316116666666667,Tuesday,March
677C33A094D5C2BC,electric_bike,2025-03-14 18:02:25.466,2025-03-14 18:24:18.652,Mies van der Rohe Way & Chestnut St,15529,Hampden Ct & Diversey Ave,202480.0,41.8985866514,-87.6219152258,41.9325593,-87.6423847,member,21.886433333333333,Friday,March
D9ABECA6344AACE9,classic_bike,2025-03-31 17:40:14.701,2025-03-31 17:43:35.530,Mies van der Rohe Way & Chestnut St,15529,Clark St & Chicago Ave,13303,41.8985866514,-87.6219152258,41.89675,-87.63089,member,3.34715,Monday,March
9803FBA6B467CB0B,classic_bike,2025-03-10 17:45:37.258,2025-03-10 17:49:40.008,Mies van der Rohe Way & Chestnut St,15529,Clark St & Chicago Ave,13303,41.8985866514,-87.6219152258,41.89675,-87.63089,member,4.045833333333333,Monday,March
87E161F22D6FF805,electric_bike,2025-03-07 09:31:12.559,2025-03-07 09:35:56.101,Sheffield Ave & Fullerton Ave,TA1306000016,Hampden Ct & Diversey Ave,202480.0,41.9256163,-87.6536574,41.9325593,-87.6423847,casual,4.7257,Friday,March
E0B43CF528DE17B6,classic_bike,2025-03-30 17:26:43.659,2025-03-30 17:33:46.617,Cottage Grove Ave & 51st St,TA1309000067,Greenwood Ave & 47th St,TA1308000002,41.803038,-87.606615,41.809835,-87.599383,casual,7.049300000000001,Sunday,March
8BBF575FD7FD7ADF,classic_bike,2025-03-30 11:10:20.017,2025-03-30 11:32:14.881,Wood St & Chicago Ave,637,Kedzie Ave & Chicago Ave,KA1504000114,41.895634,-87.672069,41.89546530305,-87.7061278837,casual,21.9144,Sunday,March
83A0D2422782C95B,electric_bike,2025-03-22 14:24:40.128,2025-03-22 14:45:40.944,California Ave & Division St,13256,Clark St & Chicago Ave,13303,41.903029,-87.697474,41.89675,-87.63089,casual,21.0136,Saturday,March
1FB200C48A5C4CA8,electric_bike,2025-03-22 14:24:32.438,2025-03-22 14:45:43.274,California Ave & Division St,13256,Clark St & Chicago Ave,13303,41.903029,-87.697474,41.89675,-87.63089,casual,21.180600000000002,Saturday,March
8C5D1D1D1A1EB376,classic_bike,2025-03-25 16:28:37.710,2025-03-25 16:33:19.398,Ellis Ave & 60th St,KA1503000014,Ellis Ave & 55th St,KA1504000076,41.78509714636,-87.6010727606,41.79430062054,-87.6014497734,member,4.6948,Tuesday,March
94D683A1656FC2DE,classic_bike,2025-03-22 16:07:58.824,2025-03-22 16:12:53.404,Ellis Ave & 60th St,KA1503000014,Ellis Ave & 55th St,KA1504000076,41.78509714636,-87.6010727606,41.79430062054,-87.6014497734,member,4.909666666666666,Saturday,March
D0203E7B284AF074,electric_bike,2025-03-13 12:16:49.354,2025-03-13 12:19:57.355,Ellis Ave & 60th St,KA1503000014,Ellis Ave & 55th St,KA1504000076,41.78509714636,-87.6010727606,41.79430062054,-87.6014497734,member,3.13335,Thursday,March
FF71B005ABF6A949,electric_bike,2025-03-31 14:58:43.381,2025-03-31 15:02:57.638,Ellis Ave & 60th St,KA1503000014,Ellis Ave & 55th St,KA1504000076,41.78509714636,-87.6010727606,41.79430062054,-87.6014497734,member,4.237616666666667,Monday,March
11D189CD5CEABE9B,classic_bike,2025-03-26 13:41:25.516,2025-03-26 13:44:42.241,Ellis Ave & 60th St,KA1503000014,Ellis Ave & 55th St,KA1504000076,41.78509714636,-87.6010727606,41.79430062054,-87.6014497734,member,3.27875,Wednesday,March
E8FAD1D9994AEDE4,classic_bike,2025-03-24 17:50:52.382,2025-03-24 17:55:37.452,Ellis Ave & 60th St,KA1503000014,Ellis Ave & 55th St,KA1504000076,41.78509714636,-87.6010727606,41.79430062054,-87.6014497734,member,4.751166666666666,Monday,March
C06AEFF62A604EFF,classic_bike,2025-03-17 16:07:07.568,2025-03-17 16:21:42.157,900 W Harrison St,13028,Columbus Dr & Randolph St,13263,41.874754,-87.649807,41.884728,-87.619521,member,14.576483333333334,Monday,March
E4A4798986691DF0,electric_bike,2025-03-14 18:14:00.981,2025-03-14 18:17:56.959,Ellis Ave & 60th St,KA1503000014,Ellis Ave & 55th St,KA1504000076,41.78509714636,-87.6010727606,41.79430062054,-87.6014497734,member,3.9329666666666667,Friday,March
9AF0D334558A66ED,classic_bike,2025-03-26 12:06:28.353,2025-03-26 12:09:58.387,Ellis Ave & 60th St,KA1503000014,Ellis Ave & 55th St,KA1504000076,41.78509714636,-87.6010727606,41.79430062054,-87.6014497734,member,3.5005666666666664,Wednesday,March
1919FD8BACC13036,classic_bike,2025-03-30 15:55:50.843,2025-03-30 16:00:17.418,Ellis Ave & 60th St,KA1503000014,Ellis Ave & 55th St,KA1504000076,41.78509714636,-87.6010727606,41.79430062054,-87.6014497734,member,4.442916666666666,Sunday,March
AB69CB4ACD892DAF,electric_bike,2025-03-29 23:16:58.637,2025-03-29 23:19:28.530,Ellis Ave & 60th St,KA1503000014,Ellis Ave & 55th St,KA1504000076,41.78509714636,-87.6010727606,41.79430062054,-87.6014497734,member,2.4982166666666665,Saturday,March
C22B5450BD26EC69,classic_bike,2025-03-28 11:22:43.526,2025-03-28 11:26:54.832,Ellis Ave & 60th St,KA1503000014,Ellis Ave & 55th St,KA1504000076,41.78509714636,-87.6010727606,41.79430062054,-87.6014497734,member,4.188433333333333,Friday,March
B92D1B986DF88D37,classic_bike,2025-03-25 21:07:56.147,2025-03-25 21:11:17.021,Ellis Ave & 60th St,KA1503000014,Ellis Ave & 55th St,KA1504000076,41.78509714636,-87.6010727606,41.79430062054,-87.6014497734,member,3.3479,Tuesday,March
8D0573A67E148D5E,electric_bike,2025-03-27 21:21:23.009,2025-03-27 21:23:48.573,Ellis Ave & 60th St,KA1503000014,Ellis Ave & 55th St,KA1504000076,41.78509714636,-87.6010727606,41.79430062054,-87.6014497734,member,2.4260666666666664,Thursday,March
F79C86333D6E9BF6,classic_bike,2025-03-01 19:19:38.709,2025-03-01 19:23:17.447,Ellis Ave & 60th St,KA1503000014,Ellis Ave & 55th St,KA1504000076,41.78509714636,-87.6010727606,41.79430062054,-87.6014497734,member,3.6456333333333335,Saturday,March
6B576D7DD87A02EF,classic_bike,2025-03-27 15:31:48.167,2025-03-27 15:37:20.178,Ellis Ave & 60th St,KA1503000014,Ellis Ave & 55th St,KA1504000076,41.78509714636,-87.6010727606,41.79430062054,-87.6014497734,member,5.533516666666667,Thursday,March
4E95AC1F56E1F9E9,classic_bike,2025-03-23 13:00:37.600,2025-03-23 13:04:16.885,Ellis Ave & 60th St,KA1503000014,Ellis Ave & 55th St,KA1504000076,41.78509714636,-87.6010727606,41.79430062054,-87.6014497734,member,3.65475,Sunday,March
1A59FE03AFAFB8FD,classic_bike,2025-03-11 16:02:15.414,2025-03-11 16:06:57.260,Ellis Ave & 60th St,KA1503000014,Ellis Ave & 55th St,KA1504000076,41.78509714636,-87.6010727606,41.79430062054,-87.6014497734,member,4.697433333333334,Tuesday,March
6D79DA77F3BC2D16,classic_bike,2025-03-10 16:12:59.845,2025-03-10 16:18:21.156,Ellis Ave & 60th St,KA1503000014,Ellis Ave & 55th St,KA1504000076,41.78509714636,-87.6010727606,41.79430062054,-87.6014497734,member,5.355183333333333,Monday,March
A4B35817634E6479,electric_bike,2025-03-30 14:03:45.647,2025-03-30 14:06:02.280,Ellis Ave & 60th St,KA1503000014,Ellis Ave & 55th St,KA1504000076,41.78509714636,-87.6010727606,41.79430062054,-87.6014497734,member,2.277216666666667,Sunday,March
39F74AC3CB1A8BF0,electric_bike,2025-03-14 14:46:42.430,2025-03-14 14:49:26.973,Ellis Ave & 60th St,KA1503000014,Ellis Ave & 55th St,KA1504000076,41.78509714636,-87.6010727606,41.79430062054,-87.6014497734,member,2.7423833333333336,Friday,March
E3FDBDC9632F1F17,classic_bike,2025-03-28 11:41:04.481,2025-03-28 11:44:12.974,Ellis Ave & 60th St,KA1503000014,Ellis Ave & 55th St,KA1504000076,41.78509714636,-87.6010727606,41.79430062054,-87.6014497734,member,3.14155,Friday,March
9E398C0C61279DAB,classic_bike,2025-03-18 16:19:48.823,2025-03-18 16:37:59.170,900 W Harrison St,13028,Columbus Dr & Randolph St,13263,41.874754,-87.649807,41.884728,-87.619521,member,18.17245,Tuesday,March
B8869EF70A13401E,electric_bike,2025-03-31 11:39:52.298,2025-03-31 11:43:12.279,Ellis Ave & 60th St,KA1503000014,Ellis Ave & 55th St,KA1504000076,41.78509714636,-87.6010727606,41.79430062054,-87.6014497734,casual,3.3330166666666665,Monday,March
ABD53F36F8342677,classic_bike,2025-03-31 18:23:47.501,2025-03-31 18:28:14.161,Ellis Ave & 60th St,KA1503000014,Ellis Ave & 55th St,KA1504000076,41.78509714636,-87.6010727606,41.79430062054,-87.6014497734,casual,4.444333333333334,Monday,March
ECD0C4DFD3786A4F,classic_bike,2025-03-18 19:00:15.525,2025-03-18 19:13:23.620,Fort Dearborn Dr & 31st St*,chargingstx06,State St & 33rd St,13216,41.83867632897121,-87.60883212089539,41.834734,-87.625813,casual,13.134916666666667,Tuesday,March
81A1C61BA6E25BE8,classic_bike,2025-03-11 19:08:52.273,2025-03-11 19:12:51.072,Ellis Ave & 60th St,KA1503000014,Ellis Ave & 55th St,KA1504000076,41.78509714636,-87.6010727606,41.79430062054,-87.6014497734,member,3.9799833333333337,Tuesday,March
13100FD451DB4FE5,classic_bike,2025-03-12 13:17:20.276,2025-03-12 13:23:41.153,Ellis Ave & 60th St,KA1503000014,Ellis Ave & 55th St,KA1504000076,41.78509714636,-87.6010727606,41.79430062054,-87.6014497734,casual,6.34795,Wednesday,March
F5DC91D472FD5CF5,classic_bike,2025-03-14 07:51:27.466,2025-03-14 07:55:28.783,Ellis Ave & 60th St,KA1503000014,Ellis Ave & 55th St,KA1504000076,41.78509714636,-87.6010727606,41.79430062054,-87.6014497734,casual,4.02195,Friday,March
07FD7110EDA8E144,classic_bike,2025-03-14 17:44:05.974,2025-03-14 18:06:33.965,Fort Dearborn Dr & 31st St*,chargingstx06,State St & 33rd St,13216,41.83867632897121,-87.60883212089539,41.834734,-87.625813,casual,22.466516666666667,Friday,March
FD40D5E54D6B9793,electric_bike,2025-03-30 21:04:13.186,2025-03-30 21:08:13.219,Ellis Ave & 60th St,KA1503000014,Ellis Ave & 55th St,KA1504000076,41.78509714636,-87.6010727606,41.79430062054,-87.6014497734,casual,4.00055,Sunday,March
8C46D4FDF173DF16,electric_bike,2025-03-31 07:43:37.199,2025-03-31 07:46:48.447,Ellis Ave & 60th St,KA1503000014,Ellis Ave & 55th St,KA1504000076,41.78509714636,-87.6010727606,41.79430062054,-87.6014497734,casual,3.1874666666666664,Monday,March
DC4A8CE15A68F1E5,classic_bike,2025-03-31 17:17:19.032,2025-03-31 17:28:41.252,Ellis Ave & 60th St,KA1503000014,Ellis Ave & 55th St,KA1504000076,41.78509714636,-87.6010727606,41.79430062054,-87.6014497734,member,11.370333333333333,Monday,March
268AAC6749B1170B,electric_bike,2025-03-28 16:33:07.035,2025-03-28 16:39:04.680,Ellis Ave & 60th St,KA1503000014,Ellis Ave & 55th St,KA1504000076,41.78509714636,-87.6010727606,41.79430062054,-87.6014497734,casual,5.96075,Friday,March
E918EA4E74E7DFF0,classic_bike,2025-03-28 16:55:33.442,2025-03-28 17:05:14.824,Ellis Ave & 60th St,KA1503000014,Ellis Ave & 55th St,KA1504000076,41.78509714636,-87.6010727606,41.79430062054,-87.6014497734,member,9.689699999999998,Friday,March
915C9280F2B52231,classic_bike,2025-03-24 14:48:02.710,2025-03-24 14:53:41.397,Ellis Ave & 60th St,KA1503000014,Ellis Ave & 55th St,KA1504000076,41.78509714636,-87.6010727606,41.79430062054,-87.6014497734,member,5.644783333333334,Monday,March
6A672539D32661DE,classic_bike,2025-03-14 22:34:33.588,2025-03-14 22:38:54.594,Mies van der Rohe Way & Chicago Ave,13338,Clark St & Chicago Ave,13303,41.896944626370825,-87.62175768613815,41.89675,-87.63089,member,4.350099999999999,Friday,March
8F5CC88547C1FD6F,classic_bike,2025-03-25 09:18:46.609,2025-03-25 09:22:36.794,Ellis Ave & 60th St,KA1503000014,Ellis Ave & 55th St,KA1504000076,41.78509714636,-87.6010727606,41.79430062054,-87.6014497734,member,3.8364166666666666,Tuesday,March
FBFD6248A291D5C6,classic_bike,2025-03-10 14:57:21.606,2025-03-10 15:00:54.922,Mies van der Rohe Way & Chicago Ave,13338,Clark St & Chicago Ave,13303,41.896944626370825,-87.62175768613815,41.89675,-87.63089,member,3.555266666666667,Monday,March
1A4559CA11F8B075,classic_bike,2025-03-11 11:15:58.450,2025-03-11 11:18:39.244,Mies van der Rohe Way & Chicago Ave,13338,Clark St & Chicago Ave,13303,41.896944626370825,-87.62175768613815,41.89675,-87.63089,member,2.6799000000000004,Tuesday,March
968B504CDDCE6BE3,classic_bike,2025-03-13 20:22:09.054,2025-03-13 20:29:32.653,Mies van der Rohe Way & Chicago Ave,13338,Clark St & Chicago Ave,13303,41.896944626370825,-87.62175768613815,41.89675,-87.63089,member,7.393316666666666,Thursday,March
3B7921864DE829A2,classic_bike,2025-03-27 15:15:26.646,2025-03-27 15:24:19.564,Ellis Ave & 60th St,KA1503000014,Ellis Ave & 55th St,KA1504000076,41.78509714636,-87.6010727606,41.79430062054,-87.6014497734,casual,8.881966666666667,Thursday,March
0E2A1E9D52AA5318,classic_bike,2025-03-27 08:36:49.801,2025-03-27 08:40:22.635,Ellis Ave & 60th St,KA1503000014,Ellis Ave & 55th St,KA1504000076,41.78509714636,-87.6010727606,41.79430062054,-87.6014497734,casual,3.5472333333333332,Thursday,March
34C0BCDC1003DED7,classic_bike,2025-03-27 07:05:31.644,2025-03-27 07:09:54.178,Ellis Ave & 60th St,KA1503000014,Ellis Ave & 55th St,KA1504000076,41.78509714636,-87.6010727606,41.79430062054,-87.6014497734,casual,4.375566666666667,Thursday,March
254609B99436D236,electric_bike,2025-03-29 23:15:56.203,2025-03-29 23:18:35.594,Ellis Ave & 60th St,KA1503000014,Ellis Ave & 55th St,KA1504000076,41.78509714636,-87.6010727606,41.79430062054,-87.6014497734,casual,2.6565166666666666,Saturday,March
569EF3DA7DFD287D,electric_bike,2025-03-30 01:51:20.977,2025-03-30 01:53:41.947,Ellis Ave & 60th St,KA1503000014,Ellis Ave & 55th St,KA1504000076,41.78509714636,-87.6010727606,41.79430062054,-87.6014497734,casual,2.3495,Sunday,March
C15C9276731D92F0,classic_bike,2025-03-28 13:20:59.368,2025-03-28 13:25:06.145,Ellis Ave & 60th St,KA1503000014,Ellis Ave & 55th St,KA1504000076,41.78509714636,-87.6010727606,41.79430062054,-87.6014497734,casual,4.11295,Friday,March
966817850A680063,electric_bike,2025-03-29 16:01:19.826,2025-03-29 16:03:57.284,Ellis Ave & 60th St,KA1503000014,Ellis Ave & 55th St,KA1504000076,41.785106182,-87.601080179,41.79430062054,-87.6014497734,member,2.6243,Saturday,March
9F09BB07FDC44DD1,electric_bike,2025-03-22 13:16:48.145,2025-03-22 13:19:38.516,Ellis Ave & 60th St,KA1503000014,Ellis Ave & 55th St,KA1504000076,41.78509714636,-87.6010727606,41.79430062054,-87.6014497734,casual,2.839516666666667,Saturday,March
5E4324406C538058,classic_bike,2025-03-21 21:06:53.189,2025-03-21 21:15:16.977,Fort Dearborn Dr & 31st St*,chargingstx06,State St & 33rd St,13216,41.83867632897121,-87.60883212089539,41.834734,-87.625813,casual,8.396466666666667,Friday,March
7F3110E3401A8FAB,electric_bike,2025-03-14 19:21:39.193,2025-03-14 19:24:41.801,Ellis Ave & 60th St,KA1503000014,Ellis Ave & 55th St,KA1504000076,41.78509714636,-87.6010727606,41.79430062054,-87.6014497734,casual,3.0434666666666668,Friday,March
6995F86088D49445,classic_bike,2025-03-24 10:45:12.970,2025-03-24 10:50:05.124,Ellis Ave & 60th St,KA1503000014,Ellis Ave & 55th St,KA1504000076,41.78509714636,-87.6010727606,41.79430062054,-87.6014497734,member,4.869233333333333,Monday,March
027B1987C387D893,classic_bike,2025-03-26 13:26:43.585,2025-03-26 13:30:51.806,Ellis Ave & 60th St,KA1503000014,Ellis Ave & 55th St,KA1504000076,41.78509714636,-87.6010727606,41.79430062054,-87.6014497734,member,4.137016666666667,Wednesday,March
B5A6ED01AA840EF7,classic_bike,2025-03-06 21:39:36.101,2025-03-06 21:42:26.068,Ellis Ave & 60th St,KA1503000014,Ellis Ave & 55th St,KA1504000076,41.78509714636,-87.6010727606,41.79430062054,-87.6014497734,member,2.8327833333333334,Thursday,March
C1A3991BEC90FB31,classic_bike,2025-03-24 14:50:33.766,2025-03-24 14:54:54.209,Ellis Ave & 60th St,KA1503000014,Ellis Ave & 55th St,KA1504000076,41.78509714636,-87.6010727606,41.79430062054,-87.6014497734,member,4.340716666666666,Monday,March
2DF986DFCDC187E6,classic_bike,2025-03-05 21:40:07.430,2025-03-05 21:43:10.983,Ellis Ave & 60th St,KA1503000014,Ellis Ave & 55th St,KA1504000076,41.78509714636,-87.6010727606,41.79430062054,-87.6014497734,member,3.0592166666666665,Wednesday,March
365A8C951CE259BC,classic_bike,2025-03-30 11:30:59.266,2025-03-30 11:35:08.389,Ellis Ave & 60th St,KA1503000014,Ellis Ave & 55th St,KA1504000076,41.78509714636,-87.6010727606,41.79430062054,-87.6014497734,member,4.15205,Sunday,March
0D9A6FFD5114B42A,classic_bike,2025-03-28 15:06:30.361,2025-03-28 15:11:39.795,Ellis Ave & 60th St,KA1503000014,Ellis Ave & 55th St,KA1504000076,41.78509714636,-87.6010727606,41.79430062054,-87.6014497734,member,5.157233333333334,Friday,March
303E4B6A561B1F68,classic_bike,2025-03-31 21:16:52.586,2025-03-31 21:20:27.302,Ellis Ave & 60th St,KA1503000014,Ellis Ave & 55th St,KA1504000076,41.78509714636,-87.6010727606,41.79430062054,-87.6014497734,member,3.5786000000000002,Monday,March
328D826D7C0CE406,classic_bike,2025-03-29 16:14:56.153,2025-03-29 16:19:03.155,Ellis Ave & 60th St,KA1503000014,Ellis Ave & 55th St,KA1504000076,41.78509714636,-87.6010727606,41.79430062054,-87.6014497734,member,4.1167,Saturday,March
A149BBA94C630376,classic_bike,2025-03-08 17:58:35.234,2025-03-08 18:03:14.118,Ellis Ave & 60th St,KA1503000014,Ellis Ave & 55th St,KA1504000076,41.78509714636,-87.6010727606,41.79430062054,-87.6014497734,member,4.648066666666667,Saturday,March
233425F1033B5962,electric_bike,2025-03-28 22:41:59.842,2025-03-28 22:47:47.025,Ellis Ave & 60th St,KA1503000014,Ellis Ave & 55th St,KA1504000076,41.78509714636,-87.6010727606,41.79430062054,-87.6014497734,member,5.786383333333333,Friday,March
D39D9C7876EDB8B7,classic_bike,2025-03-23 12:22:24.840,2025-03-23 12:25:05.208,Ellis Ave & 60th St,KA1503000014,Ellis Ave & 55th St,KA1504000076,41.78509714636,-87.6010727606,41.79430062054,-87.6014497734,member,2.6728,Sunday,March
9A80E7CA6DDB2267,classic_bike,2025-03-31 15:56:36.999,2025-03-31 16:00:49.294,Ellis Ave & 60th St,KA1503000014,Ellis Ave & 55th St,KA1504000076,41.78509714636,-87.6010727606,41.79430062054,-87.6014497734,member,4.204916666666667,Monday,March
039C67F4462906A9,classic_bike,2025-03-26 15:09:15.525,2025-03-26 15:12:55.583,Ellis Ave & 60th St,KA1503000014,Ellis Ave & 55th St,KA1504000076,41.78509714636,-87.6010727606,41.79430062054,-87.6014497734,member,3.6676333333333333,Wednesday,March
C21769C07EDA7050,classic_bike,2025-03-29 16:07:33.383,2025-03-29 16:10:22.514,Ellis Ave & 60th St,KA1503000014,Ellis Ave & 55th St,KA1504000076,41.78509714636,-87.6010727606,41.79430062054,-87.6014497734,member,2.81885,Saturday,March
5B2812B00911E884,classic_bike,2025-03-27 14:37:17.564,2025-03-27 14:40:43.549,Ellis Ave & 60th St,KA1503000014,Ellis Ave & 55th St,KA1504000076,41.78509714636,-87.6010727606,41.79430062054,-87.6014497734,member,3.4330833333333337,Thursday,March
0398013E4A2A2B7B,classic_bike,2025-03-11 10:12:52.434,2025-03-11 10:16:23.714,Ellis Ave & 60th St,KA1503000014,Ellis Ave & 55th St,KA1504000076,41.78509714636,-87.6010727606,41.79430062054,-87.6014497734,member,3.521333333333333,Tuesday,March
68F09019E98E4B35,classic_bike,2025-03-29 09:47:09.684,2025-03-29 09:51:07.597,Mies van der Rohe Way & Chicago Ave,13338,Clark St & Chicago Ave,13303,41.896944626370825,-87.62175768613815,41.89675,-87.63089,member,3.965216666666667,Saturday,March
EB265013E14117DC,classic_bike,2025-03-26 15:19:45.105,2025-03-26 15:23:37.646,Ellis Ave & 60th St,KA1503000014,Ellis Ave & 55th St,KA1504000076,41.78509714636,-87.6010727606,41.79430062054,-87.6014497734,member,3.8756833333333334,Wednesday,March
38F7688A66299A81,classic_bike,2025-03-15 08:12:41.130,2025-03-15 08:17:54.833,Ellis Ave & 60th St,KA1503000014,Ellis Ave & 55th St,KA1504000076,41.78509714636,-87.6010727606,41.79430062054,-87.6014497734,member,5.2283833333333325,Saturday,March
65C2FD79AB9C68EC,classic_bike,2025-03-03 08:06:46.407,2025-03-03 08:11:51.036,Ellis Ave & 60th St,KA1503000014,Ellis Ave & 55th St,KA1504000076,41.78509714636,-87.6010727606,41.79430062054,-87.6014497734,member,5.0771500000000005,Monday,March
42E6C69984C9A230,classic_bike,2025-03-05 07:22:24.877,2025-03-05 07:26:40.798,Ellis Ave & 60th St,KA1503000014,Ellis Ave & 55th St,KA1504000076,41.78509714636,-87.6010727606,41.79430062054,-87.6014497734,member,4.26535,Wednesday,March
133E3BAFF5A724AE,classic_bike,2025-03-02 08:52:04.692,2025-03-02 08:57:55.749,Ellis Ave & 60th St,KA1503000014,Ellis Ave & 55th St,KA1504000076,41.78509714636,-87.6010727606,41.79430062054,-87.6014497734,member,5.85095,Sunday,March
44EDF9D95E37EFB2,classic_bike,2025-03-23 10:21:49.511,2025-03-23 10:26:19.587,Ellis Ave & 60th St,KA1503000014,Ellis Ave & 55th St,KA1504000076,41.78509714636,-87.6010727606,41.79430062054,-87.6014497734,member,4.501266666666667,Sunday,March
7970B98F15ACC66D,classic_bike,2025-03-23 17:43:04.955,2025-03-23 17:46:34.233,Ellis Ave & 60th St,KA1503000014,Ellis Ave & 55th St,KA1504000076,41.78509714636,-87.6010727606,41.79430062054,-87.6014497734,member,3.4879666666666664,Sunday,March
74015CC2CD3FB5D0,classic_bike,2025-03-23 08:22:51.047,2025-03-23 08:27:21.244,Ellis Ave & 60th St,KA1503000014,Ellis Ave & 55th St,KA1504000076,41.78509714636,-87.6010727606,41.79430062054,-87.6014497734,member,4.503283333333333,Sunday,March
2BD8BC4C6A413D77,classic_bike,2025-03-18 19:00:48.935,2025-03-18 19:13:34.930,Fort Dearborn Dr & 31st St*,chargingstx06,State St & 33rd St,13216,41.83867632897121,-87.60883212089539,41.834734,-87.625813,member,12.766583333333333,Tuesday,March
5883F169ACDD327D,electric_bike,2025-03-16 13:46:03.035,2025-03-16 13:49:08.453,Ellis Ave & 60th St,KA1503000014,Ellis Ave & 55th St,KA1504000076,41.78509714636,-87.6010727606,41.79430062054,-87.6014497734,member,3.0903,Sunday,March
BEDD0A2231E73C51,electric_bike,2025-03-15 08:42:56.036,2025-03-15 08:45:18.088,Ellis Ave & 60th St,KA1503000014,Ellis Ave & 55th St,KA1504000076,41.78509714636,-87.6010727606,41.79430062054,-87.6014497734,member,2.3675333333333333,Saturday,March
3F1A0CD36ABC8E0D,electric_bike,2025-03-11 14:49:58.035,2025-03-11 15:00:26.628,900 W Harrison St,13028,Columbus Dr & Randolph St,13263,41.874754,-87.649807,41.884728,-87.619521,member,10.47655,Tuesday,March
941274B22F1201E2,classic_bike,2025-03-10 13:19:32.138,2025-03-10 13:23:11.827,Ellis Ave & 60th St,KA1503000014,Ellis Ave & 55th St,KA1504000076,41.78509714636,-87.6010727606,41.79430062054,-87.6014497734,casual,3.6614833333333334,Monday,March
C1567D1C671272DD,electric_bike,2025-03-17 20:19:47.977,2025-03-17 20:22:49.328,Ellis Ave & 60th St,KA1503000014,Ellis Ave & 55th St,KA1504000076,41.78509714636,-87.6010727606,41.79430062054,-87.6014497734,casual,3.0225166666666667,Monday,March
B988468B5EB654FF,electric_bike,2025-03-18 23:52:12.498,2025-03-18 23:55:14.104,Ellis Ave & 60th St,KA1503000014,Ellis Ave & 55th St,KA1504000076,41.78509714636,-87.6010727606,41.79430062054,-87.6014497734,casual,3.0267666666666666,Tuesday,March
D1B2192CFE0114BC,electric_bike,2025-03-24 16:53:16.988,2025-03-24 16:56:47.686,Ellis Ave & 60th St,KA1503000014,Ellis Ave & 55th St,KA1504000076,41.78509714636,-87.6010727606,41.79430062054,-87.6014497734,casual,3.5116333333333336,Monday,March
F5AFB7D4422FECC9,electric_bike,2025-03-12 19:47:55.008,2025-03-12 19:50:49.892,Ellis Ave & 60th St,KA1503000014,Ellis Ave & 55th St,KA1504000076,41.78509714636,-87.6010727606,41.79430062054,-87.6014497734,member,2.914733333333333,Wednesday,March
8EAA41CB34716733,classic_bike,2025-03-26 20:27:54.837,2025-03-26 20:32:49.515,Ellis Ave & 60th St,KA1503000014,Ellis Ave & 55th St,KA1504000076,41.78509714636,-87.6010727606,41.79430062054,-87.6014497734,casual,4.9113,Wednesday,March
EFF93CC0E8582FA9,electric_bike,2025-03-26 20:10:22.594,2025-03-26 20:15:17.219,Ellis Ave & 60th St,KA1503000014,Ellis Ave & 55th St,KA1504000076,41.78509714636,-87.6010727606,41.79430062054,-87.6014497734,casual,4.910416666666666,Wednesday,March
55D6B8E1BF0A3098,classic_bike,2025-03-22 17:33:51.522,2025-03-22 17:36:58.251,Ellis Ave & 60th St,KA1503000014,Ellis Ave & 55th St,KA1504000076,41.78509714636,-87.6010727606,41.79430062054,-87.6014497734,casual,3.11215,Saturday,March
57D559803C605F8A,classic_bike,2025-03-27 20:44:55.124,2025-03-27 20:49:42.011,Ellis Ave & 60th St,KA1503000014,Ellis Ave & 55th St,KA1504000076,41.78509714636,-87.6010727606,41.79430062054,-87.6014497734,member,4.78145,Thursday,March
707A6B9138B5FB9A,classic_bike,2025-03-04 21:35:30.760,2025-03-04 21:53:24.512,Damen Ave & Madison St,13134,Columbus Dr & Randolph St,13263,41.88137,-87.67493,41.884728,-87.619521,member,17.895866666666667,Tuesday,March
1725C58345F96AAE,classic_bike,2025-03-27 22:04:42.591,2025-03-27 22:22:23.508,Damen Ave & Madison St,13134,Columbus Dr & Randolph St,13263,41.88137,-87.67493,41.884728,-87.619521,member,17.681949999999997,Thursday,March
68BA6DC0C9C4048D,classic_bike,2025-03-17 19:57:11.208,2025-03-17 20:00:54.999,Ellis Ave & 60th St,KA1503000014,Ellis Ave & 55th St,KA1504000076,41.78509714636,-87.6010727606,41.79430062054,-87.6014497734,member,3.72985,Monday,March
F2219EA7DC6D9C3E,electric_bike,2025-03-27 07:03:42.117,2025-03-27 07:06:48.455,Ellis Ave & 60th St,KA1503000014,Ellis Ave & 55th St,KA1504000076,41.78509714636,-87.6010727606,41.79430062054,-87.6014497734,member,3.105633333333333,Thursday,March
A757486135713EFC,classic_bike,2025-03-08 07:53:26.952,2025-03-08 07:58:12.751,Ellis Ave & 60th St,KA1503000014,Ellis Ave & 55th St,KA1504000076,41.78509714636,-87.6010727606,41.79430062054,-87.6014497734,member,4.763316666666666,Saturday,March
566D8F799996CC24,classic_bike,2025-03-14 09:31:24.839,2025-03-14 09:35:12.502,Ellis Ave & 60th St,KA1503000014,Ellis Ave & 55th St,KA1504000076,41.78509714636,-87.6010727606,41.79430062054,-87.6014497734,member,3.7943833333333337,Friday,March
AEF2B9ECAD241699,classic_bike,2025-03-08 08:55:30.250,2025-03-08 09:00:15.320,Ellis Ave & 60th St,KA1503000014,Ellis Ave & 55th St,KA1504000076,41.78509714636,-87.6010727606,41.79430062054,-87.6014497734,member,4.751166666666666,Saturday,March
819CACDEC4304FC3,electric_bike,2025-03-24 21:39:03.436,2025-03-24 21:46:24.795,Fort Dearborn Dr & 31st St*,chargingstx06,State St & 33rd St,13216,41.83867632897121,-87.60883212089539,41.834734,-87.625813,member,7.355983333333333,Monday,March
6BEA5A6E9FA89C01,electric_bike,2025-03-26 18:01:13.491,2025-03-26 18:02:51.801,Ellis Ave & 58th St,TA1309000011,Ellis Ave & 55th St,KA1504000076,41.788746,-87.601334,41.79430062054,-87.6014497734,member,1.6385,Wednesday,March
ABFFBC4877FACA8B,classic_bike,2025-03-25 12:11:20.434,2025-03-25 12:17:21.835,MLK Jr Dr & 29th St,TA1307000139,State St & 33rd St,13216,41.842052,-87.617,41.834734,-87.625813,member,6.02335,Tuesday,March
6EC2FC228C892015,electric_bike,2025-03-20 11:59:15.323,2025-03-20 12:08:25.170,Clark St & Grace St,TA1307000127,Campbell Ave & Irving Park Rd,439,41.95078,-87.659172,41.953634,-87.690782,member,9.164116666666667,Thursday,March
168CAB4019895B60,classic_bike,2025-03-13 17:24:25.712,2025-03-13 17:34:05.877,Franklin St & Jackson Blvd,TA1305000025,Columbus Dr & Randolph St,13263,41.8777079559,-87.6353211408,41.884728,-87.619521,member,9.669416666666667,Thursday,March
A7E3FB7CBFDDCF19,classic_bike,2025-03-23 12:25:20.612,2025-03-23 12:35:52.252,Franklin St & Jackson Blvd,TA1305000025,Columbus Dr & Randolph St,13263,41.8777079559,-87.6353211408,41.884728,-87.619521,member,10.527333333333333,Sunday,March
889E54D8C1D84C00,electric_bike,2025-03-30 21:20:14.542,2025-03-30 21:34:52.487,Michigan Ave & Ida B Wells Dr,TA1305000010,State St & 33rd St,13216,41.876203,-87.624464,41.834734,-87.625813,member,14.632416666666668,Sunday,March
4788B7173B5556A3,classic_bike,2025-03-17 19:18:20.687,2025-03-17 19:22:57.121,Monticello Ave & Chicago Ave,21301,Kedzie Ave & Chicago Ave,KA1504000114,41.8952089,-87.7174329,41.89546530305,-87.7061278837,member,4.607233333333334,Monday,March
DCE1F6BF1633397C,classic_bike,2025-03-23 12:58:44.899,2025-03-23 13:11:18.338,Wolcott Ave & Fargo Ave,519,Warren Park West,RP-001,42.016977,-87.677725,42.001785,-87.688829,member,12.557316666666667,Sunday,March
7BF94265BB3A2C06,classic_bike,2025-03-10 08:10:33.234,2025-03-10 08:19:41.497,Franklin St & Jackson Blvd,TA1305000025,Columbus Dr & Randolph St,13263,41.8777079559,-87.6353211408,41.884728,-87.619521,member,9.137716666666668,Monday,March
3BCEDF388588FE2E,classic_bike,2025-03-13 08:11:18.594,2025-03-13 08:19:54.930,Franklin St & Jackson Blvd,TA1305000025,Columbus Dr & Randolph St,13263,41.8777079559,-87.6353211408,41.884728,-87.619521,member,8.6056,Thursday,March
D1254A2E439747D2,classic_bike,2025-03-18 08:13:43.877,2025-03-18 08:22:09.664,Franklin St & Jackson Blvd,TA1305000025,Columbus Dr & Randolph St,13263,41.8777079559,-87.6353211408,41.884728,-87.619521,member,8.429783333333333,Tuesday,March
354B957A40559EEB,electric_bike,2025-03-10 12:59:30.438,2025-03-10 13:12:08.549,Richmond St & Diversey Ave,15645,Kedzie Ave & Chicago Ave,KA1504000114,41.93190196886,-87.7011951301,41.89546530305,-87.7061278837,member,12.635183333333334,Monday,March
6305B5997F71B2FD,classic_bike,2025-03-20 20:04:29.996,2025-03-20 20:14:31.847,Clark St & Lincoln Ave,13179,Clark St & Chicago Ave,13303,41.915689,-87.6346,41.89675,-87.63089,member,10.03085,Thursday,March
315860E637585E8D,classic_bike,2025-03-30 11:21:33.310,2025-03-30 11:34:33.390,Clark St & Lincoln Ave,13179,Clark St & Chicago Ave,13303,41.915689,-87.6346,41.89675,-87.63089,member,13.001333333333333,Sunday,March
BB7CAB3FCF2FCE3A,electric_bike,2025-03-08 15:17:23.482,2025-03-08 15:30:37.690,Princeton Ave & Garfield Blvd,KA1503000013,Ellis Ave & 55th St,KA1504000076,41.794982,-87.633124,41.79430062054,-87.6014497734,member,13.236799999999999,Saturday,March
CDEB410E89292C82,electric_bike,2025-03-25 09:03:19.726,2025-03-25 09:09:46.964,Federal St & Polk St,SL-008,Columbus Dr & Randolph St,13263,41.872141123,-87.629575491,41.884728,-87.619521,casual,6.453966666666667,Tuesday,March
E36C1E64BB8994B7,electric_bike,2025-03-21 14:59:37.185,2025-03-21 15:16:43.427,DuSable Lake Shore Dr & Wellington Ave,TA1307000041,Columbus Dr & Randolph St,13263,41.9366884494997,-87.63682901859283,41.884728,-87.619521,member,17.104033333333334,Friday,March
A8BC0696551DBF3D,classic_bike,2025-03-18 16:02:05.250,2025-03-18 16:06:26.448,Wells St & Huron St,TA1306000012,Clark St & Chicago Ave,13303,41.894722,-87.634362,41.89675,-87.63089,member,4.3533,Tuesday,March
91170BDAE82A0AAB,electric_bike,2025-03-09 18:18:15.080,2025-03-09 18:27:02.405,Lincoln Ave & Melrose St,TA1309000042,Campbell Ave & Irving Park Rd,439,41.9406,-87.669435,41.953634,-87.690782,member,8.78875,Sunday,March
996355122E96E12B,classic_bike,2025-03-14 13:30:50.603,2025-03-14 13:57:40.007,Wells St & Huron St,TA1306000012,State St & 33rd St,13216,41.894722,-87.634362,41.834734,-87.625813,member,26.8234,Friday,March
DFE3D509525D47F6,classic_bike,2025-03-25 17:50:36.358,2025-03-25 17:57:10.420,New St & Illinois St,TA1306000013,Columbus Dr & Randolph St,13263,41.89084704062381,-87.61861681938171,41.884728,-87.619521,member,6.5677,Tuesday,March
B045198173D750F2,classic_bike,2025-03-24 06:32:58.614,2025-03-24 06:39:12.840,Wells St & Evergreen Ave,TA1308000049,Clark St & Chicago Ave,13303,41.906724,-87.63483,41.89675,-87.63089,member,6.2371,Monday,March
694B6DF634E8EA73,classic_bike,2025-03-10 06:32:04.561,2025-03-10 06:37:26.618,Wells St & Evergreen Ave,TA1308000049,Clark St & Chicago Ave,13303,41.906724,-87.63483,41.89675,-87.63089,member,5.367616666666667,Monday,March
A6CB1EC5757DB0DB,classic_bike,2025-03-13 05:49:14.760,2025-03-13 05:55:04.732,Wells St & Evergreen Ave,TA1308000049,Clark St & Chicago Ave,13303,41.906724,-87.63483,41.89675,-87.63089,member,5.832866666666666,Thursday,March
AF03F79217F33D58,classic_bike,2025-03-12 06:05:53.838,2025-03-12 06:11:28.258,Wells St & Evergreen Ave,TA1308000049,Clark St & Chicago Ave,13303,41.906724,-87.63483,41.89675,-87.63089,member,5.573666666666667,Wednesday,March
22C874EDC62BAB6F,classic_bike,2025-03-30 11:39:34.714,2025-03-30 12:08:58.063,Lincoln Ave & Melrose St,TA1309000042,Clark St & Chicago Ave,13303,41.9406,-87.669435,41.89675,-87.63089,member,29.389149999999997,Sunday,March
EC2CADD629B6261E,classic_bike,2025-03-18 06:59:41.670,2025-03-18 07:30:33.439,California Ave & Division St,13256,Columbus Dr & Randolph St,13263,41.903029,-87.697474,41.884728,-87.619521,member,30.862816666666667,Tuesday,March
6699B65FF5513DBF,classic_bike,2025-03-05 06:59:18.590,2025-03-05 07:34:10.382,California Ave & Division St,13256,Columbus Dr & Randolph St,13263,41.903029,-87.697474,41.884728,-87.619521,member,34.8632,Wednesday,March
2072A4C4A71AC426,classic_bike,2025-03-31 21:30:00.653,2025-03-31 21:46:23.526,Cottage Grove Ave & 51st St,TA1309000067,Greenwood Ave & 47th St,TA1308000002,41.803038,-87.606615,41.809835,-87.599383,casual,16.381216666666667,Monday,March
42784695A62E57DB,electric_bike,2025-03-11 15:59:34.881,2025-03-11 16:06:36.808,California Ave & Division St,13256,Kedzie Ave & Chicago Ave,KA1504000114,41.903029,-87.697474,41.89546530305,-87.7061278837,member,7.032116666666667,Tuesday,March
C33CBA9D3446510C,electric_bike,2025-03-13 17:52:11.652,2025-03-13 18:08:34.593,Wood St & Chicago Ave,637,Clark St & Chicago Ave,13303,41.895634,-87.672069,41.89675,-87.63089,member,16.38235,Thursday,March
7511A1CE2792B3C9,classic_bike,2025-03-19 07:01:43.689,2025-03-19 07:35:40.300,California Ave & Division St,13256,Columbus Dr & Randolph St,13263,41.903029,-87.697474,41.884728,-87.619521,member,33.94351666666667,Wednesday,March
87F8FAB461626FA9,classic_bike,2025-03-20 16:44:40.130,2025-03-20 16:49:21.515,Kedzie Ave & Lake St,KA1504000106,Kedzie Ave & Chicago Ave,KA1504000114,41.88460328501,-87.7063037436,41.89546530305,-87.7061278837,member,4.68975,Thursday,March
BBD1774B92EBE841,classic_bike,2025-03-28 12:48:32.283,2025-03-28 13:20:06.282,California Ave & Milwaukee Ave,13084,Clark St & Chicago Ave,13303,41.922695,-87.697153,41.89675,-87.63089,member,31.56665,Friday,March
051C88FF841B8A9D,electric_bike,2025-03-29 11:04:28.478,2025-03-29 11:11:30.559,DuSable Museum,KA1503000075,Greenwood Ave & 47th St,TA1308000002,41.791520238,-87.607851028,41.809835,-87.599383,member,7.034683333333334,Saturday,March
F151492705800B34,classic_bike,2025-03-11 06:58:02.876,2025-03-11 07:29:04.651,California Ave & Division St,13256,Columbus Dr & Randolph St,13263,41.903029,-87.697474,41.884728,-87.619521,member,31.029583333333335,Tuesday,March
B349435E80426318,electric_bike,2025-03-24 17:57:05.667,2025-03-24 18:15:08.654,Leavitt St & Addison St,KA1504000143,Hampden Ct & Diversey Ave,202480.0,41.946655,-87.683359,41.9325593,-87.6423847,member,18.049783333333334,Monday,March
0C0E1B0D6764CCDD,classic_bike,2025-03-28 16:06:29.102,2025-03-28 16:09:30.073,Ellis Ave & 60th St,KA1503000014,Ellis Ave & 55th St,KA1504000076,41.78509714636,-87.6010727606,41.79430062054,-87.6014497734,member,3.016183333333333,Friday,March
F5A97610A65A9375,electric_bike,2025-03-06 20:32:29.939,2025-03-06 20:35:11.503,Ellis Ave & 60th St,KA1503000014,Ellis Ave & 55th St,KA1504000076,41.78509714636,-87.6010727606,41.79430062054,-87.6014497734,member,2.6927333333333334,Thursday,March
0394E565729A6E40,electric_bike,2025-03-09 17:08:59.231,2025-03-09 17:11:15.956,Ellis Ave & 60th St,KA1503000014,Ellis Ave & 55th St,KA1504000076,41.78509714636,-87.6010727606,41.79430062054,-87.6014497734,member,2.27875,Sunday,March
81036527D7672F54,classic_bike,2025-03-31 11:24:48.500,2025-03-31 11:28:11.696,Ellis Ave & 60th St,KA1503000014,Ellis Ave & 55th St,KA1504000076,41.78509714636,-87.6010727606,41.79430062054,-87.6014497734,member,3.3866,Monday,March
A81C19FE5AFE468B,electric_bike,2025-03-05 11:50:43.478,2025-03-05 11:53:04.188,Ellis Ave & 60th St,KA1503000014,Ellis Ave & 55th St,KA1504000076,41.78509714636,-87.6010727606,41.79430062054,-87.6014497734,member,2.3451666666666666,Wednesday,March
114F4A6D6B3E2088,classic_bike,2025-03-11 09:20:52.607,2025-03-11 09:24:56.248,Ellis Ave & 60th St,KA1503000014,Ellis Ave & 55th St,KA1504000076,41.78509714636,-87.6010727606,41.79430062054,-87.6014497734,member,4.060683333333333,Tuesday,March
C603EF5C27C0FB90,classic_bike,2025-03-27 19:07:50.133,2025-03-27 19:11:12.541,Ellis Ave & 60th St,KA1503000014,Ellis Ave & 55th St,KA1504000076,41.78509714636,-87.6010727606,41.79430062054,-87.6014497734,member,3.3734666666666664,Thursday,March
2B4A7BB75321EC37,electric_bike,2025-03-06 21:38:17.100,2025-03-06 21:42:52.895,Ellis Ave & 60th St,KA1503000014,Ellis Ave & 55th St,KA1504000076,41.78509714636,-87.6010727606,41.79430062054,-87.6014497734,member,4.596583333333333,Thursday,March
668F9052693B63C2,electric_bike,2025-03-18 20:51:49.236,2025-03-18 20:55:06.436,Ellis Ave & 60th St,KA1503000014,Ellis Ave & 55th St,KA1504000076,41.78509714636,-87.6010727606,41.79430062054,-87.6014497734,member,3.2866666666666666,Tuesday,March
85167ECE243B9CE4,classic_bike,2025-03-18 19:13:04.536,2025-03-18 19:20:38.545,MLK Jr Dr & 47th St,TA1308000007,Greenwood Ave & 47th St,TA1308000002,41.809851,-87.616279,41.809835,-87.599383,member,7.566816666666667,Tuesday,March
98EA4801BAB572A2,electric_bike,2025-03-10 18:57:15.600,2025-03-10 19:04:09.930,MLK Jr Dr & 47th St,TA1308000007,Greenwood Ave & 47th St,TA1308000002,41.809851,-87.616279,41.809835,-87.599383,member,6.9055,Monday,March
C27E414720D7D353,classic_bike,2025-03-15 08:16:31.102,2025-03-15 08:22:47.636,MLK Jr Dr & 47th St,TA1308000007,Greenwood Ave & 47th St,TA1308000002,41.809851,-87.616279,41.809835,-87.599383,member,6.275566666666666,Saturday,March
A04CB3184EDFA327,classic_bike,2025-03-03 17:25:30.233,2025-03-03 17:40:59.554,MLK Jr Dr & 47th St,TA1308000007,Greenwood Ave & 47th St,TA1308000002,41.809851,-87.616279,41.809835,-87.599383,member,15.488683333333334,Monday,March
F7D52576503366AE,classic_bike,2025-03-25 09:43:36.723,2025-03-25 09:48:11.312,Ellis Ave & 60th St,KA1503000014,Ellis Ave & 55th St,KA1504000076,41.78509714636,-87.6010727606,41.79430062054,-87.6014497734,member,4.576483333333333,Tuesday,March
C6FC82FC802D3791,classic_bike,2025-03-02 13:55:00.770,2025-03-02 14:23:29.662,Fort Dearborn Dr & 31st St*,chargingstx06,Greenwood Ave & 47th St,TA1308000002,41.83867632897121,-87.60883212089539,41.809835,-87.599383,member,28.481533333333335,Sunday,March
18F0CC42A941DB62,classic_bike,2025-03-10 19:15:36.887,2025-03-10 19:19:11.797,Ellis Ave & 60th St,KA1503000014,Ellis Ave & 55th St,KA1504000076,41.78509714636,-87.6010727606,41.79430062054,-87.6014497734,member,3.5818333333333334,Monday,March
9E59AAC1B8F8DFF9,classic_bike,2025-03-09 18:11:39.074,2025-03-09 18:15:03.888,Ellis Ave & 60th St,KA1503000014,Ellis Ave & 55th St,KA1504000076,41.78509714636,-87.6010727606,41.79430062054,-87.6014497734,member,3.4135666666666666,Sunday,March
CADAAFA178048E81,classic_bike,2025-03-17 17:42:54.812,2025-03-17 17:50:59.607,MLK Jr Dr & 47th St,TA1308000007,Greenwood Ave & 47th St,TA1308000002,41.809851,-87.616279,41.809835,-87.599383,member,8.079916666666668,Monday,March
F27476301DECB62E,electric_bike,2025-03-17 20:19:32.729,2025-03-17 20:22:29.819,Ellis Ave & 60th St,KA1503000014,Ellis Ave & 55th St,KA1504000076,41.78509714636,-87.6010727606,41.79430062054,-87.6014497734,member,2.9515000000000002,Monday,March
14E3E64343E54EDE,classic_bike,2025-03-25 18:58:07.080,2025-03-25 19:02:04.462,Ellis Ave & 60th St,KA1503000014,Ellis Ave & 55th St,KA1504000076,41.78509714636,-87.6010727606,41.79430062054,-87.6014497734,member,3.956366666666667,Tuesday,March
64D295AE6A94C17C,electric_bike,2025-03-16 20:12:04.745,2025-03-16 20:18:36.959,Ellis Ave & 60th St,KA1503000014,Ellis Ave & 55th St,KA1504000076,41.78509714636,-87.6010727606,41.79430062054,-87.6014497734,member,6.5369,Sunday,March
78A07FF4A2E3DC18,classic_bike,2025-03-01 14:57:40.654,2025-03-01 15:02:10.725,Ellis Ave & 60th St,KA1503000014,Ellis Ave & 55th St,KA1504000076,41.78509714636,-87.6010727606,41.79430062054,-87.6014497734,member,4.5011833333333335,Saturday,March
4735D064C5DAE06E,classic_bike,2025-03-01 11:37:19.187,2025-03-01 11:41:31.887,Ellis Ave & 60th St,KA1503000014,Ellis Ave & 55th St,KA1504000076,41.78509714636,-87.6010727606,41.79430062054,-87.6014497734,member,4.211666666666667,Saturday,March
5DE95E2A2238EB79,classic_bike,2025-03-07 14:48:37.331,2025-03-07 14:52:47.049,Ellis Ave & 60th St,KA1503000014,Ellis Ave & 55th St,KA1504000076,41.78509714636,-87.6010727606,41.79430062054,-87.6014497734,member,4.161966666666666,Friday,March
337565A9DBE87DDD,electric_bike,2025-03-25 17:18:36.622,2025-03-25 17:21:31.603,Ellis Ave & 60th St,KA1503000014,Ellis Ave & 55th St,KA1504000076,41.78509714636,-87.6010727606,41.79430062054,-87.6014497734,member,2.91635,Tuesday,March
ADB7FE8A08AD4ED8,classic_bike,2025-03-06 14:15:44.373,2025-03-06 14:20:51.843,Ellis Ave & 60th St,KA1503000014,Ellis Ave & 55th St,KA1504000076,41.78509714636,-87.6010727606,41.79430062054,-87.6014497734,member,5.1245,Thursday,March
83C5B4959FA2CCAD,classic_bike,2025-03-08 12:39:46.768,2025-03-08 12:46:34.362,MLK Jr Dr & 47th St,TA1308000007,Greenwood Ave & 47th St,TA1308000002,41.809851,-87.616279,41.809835,-87.599383,member,6.793233333333333,Saturday,March
D252A5FF3F0C6AE1,electric_bike,2025-03-24 15:34:29.735,2025-03-24 15:37:44.825,Ellis Ave & 60th St,KA1503000014,Ellis Ave & 55th St,KA1504000076,41.78509714636,-87.6010727606,41.79430062054,-87.6014497734,member,3.2515,Monday,March
DF140B0F85252D43,electric_bike,2025-03-30 14:55:08.717,2025-03-30 14:58:02.683,Ellis Ave & 60th St,KA1503000014,Ellis Ave & 55th St,KA1504000076,41.78509714636,-87.6010727606,41.79430062054,-87.6014497734,member,2.8994333333333335,Sunday,March
381D538E7E82316F,electric_bike,2025-03-21 18:28:01.139,2025-03-21 18:30:23.175,Ellis Ave & 60th St,KA1503000014,Ellis Ave & 55th St,KA1504000076,41.78509714636,-87.6010727606,41.79430062054,-87.6014497734,member,2.3672666666666666,Friday,March
AD94FE9820778D7C,electric_bike,2025-03-19 10:54:26.522,2025-03-19 10:57:24.661,Ellis Ave & 60th St,KA1503000014,Ellis Ave & 55th St,KA1504000076,41.78509714636,-87.6010727606,41.79430062054,-87.6014497734,member,2.9689833333333335,Wednesday,March
989A443F7F76C2F5,electric_bike,2025-03-19 15:05:42.682,2025-03-19 15:09:39.675,Ellis Ave & 60th St,KA1503000014,Ellis Ave & 55th St,KA1504000076,41.78509714636,-87.6010727606,41.79430062054,-87.6014497734,member,3.949883333333333,Wednesday,March
BC0ADA55D876EE9D,electric_bike,2025-03-26 20:09:33.505,2025-03-26 20:12:14.819,Ellis Ave & 60th St,KA1503000014,Ellis Ave & 55th St,KA1504000076,41.78509714636,-87.6010727606,41.79430062054,-87.6014497734,member,2.6885666666666665,Wednesday,March
5E8FD049BEF0AF64,classic_bike,2025-03-11 16:19:58.669,2025-03-11 16:37:54.274,Fort Dearborn Dr & 31st St*,chargingstx06,State St & 33rd St,13216,41.83867632897121,-87.60883212089539,41.834734,-87.625813,member,17.926750000000002,Tuesday,March
F0EC42E4E1E576B3,classic_bike,2025-03-29 12:39:58.267,2025-03-29 12:43:02.461,Ellis Ave & 60th St,KA1503000014,Ellis Ave & 55th St,KA1504000076,41.78509714636,-87.6010727606,41.79430062054,-87.6014497734,member,3.0698999999999996,Saturday,March
52BEF488D9BAA6FC,classic_bike,2025-03-31 20:37:02.407,2025-03-31 20:41:59.450,Ellis Ave & 60th St,KA1503000014,Ellis Ave & 55th St,KA1504000076,41.78509714636,-87.6010727606,41.79430062054,-87.6014497734,member,4.950716666666667,Monday,March
2EF694EE700E72CB,classic_bike,2025-03-18 15:48:55.693,2025-03-18 15:53:32.426,Ellis Ave & 60th St,KA1503000014,Ellis Ave & 55th St,KA1504000076,41.78509714636,-87.6010727606,41.79430062054,-87.6014497734,member,4.612216666666667,Tuesday,March
08283CE838302DB4,classic_bike,2025-03-20 11:30:19.175,2025-03-20 11:34:43.160,Ellis Ave & 60th St,KA1503000014,Ellis Ave & 55th St,KA1504000076,41.78509714636,-87.6010727606,41.79430062054,-87.6014497734,member,4.39975,Thursday,March
097A2ABCD30F97EB,classic_bike,2025-03-16 11:47:19.301,2025-03-16 11:52:12.243,Ellis Ave & 60th St,KA1503000014,Ellis Ave & 55th St,KA1504000076,41.78509714636,-87.6010727606,41.79430062054,-87.6014497734,member,4.882366666666667,Sunday,March
1154FC458D5F056B,classic_bike,2025-03-26 01:01:37.102,2025-03-26 01:05:56.258,Ellis Ave & 60th St,KA1503000014,Ellis Ave & 55th St,KA1504000076,41.78509714636,-87.6010727606,41.79430062054,-87.6014497734,member,4.319266666666667,Wednesday,March
9BD62EA5FEAD9140,electric_bike,2025-03-08 18:54:23.711,2025-03-08 18:58:01.017,Ellis Ave & 60th St,KA1503000014,Ellis Ave & 55th St,KA1504000076,41.78509714636,-87.6010727606,41.79430062054,-87.6014497734,member,3.621766666666667,Saturday,March
70FE5C7806F8736C,classic_bike,2025-03-29 03:40:53.321,2025-03-29 03:44:17.722,Ellis Ave & 60th St,KA1503000014,Ellis Ave & 55th St,KA1504000076,41.78509714636,-87.6010727606,41.79430062054,-87.6014497734,member,3.4066833333333335,Saturday,March
D17B7D3406F40A06,electric_bike,2025-03-02 08:23:08.419,2025-03-02 08:25:48.957,Ellis Ave & 60th St,KA1503000014,Ellis Ave & 55th St,KA1504000076,41.78509714636,-87.6010727606,41.79430062054,-87.6014497734,member,2.6756333333333333,Sunday,March
D8A90AFEEC119445,electric_bike,2025-03-13 12:21:01.901,2025-03-13 12:23:54.422,Ellis Ave & 60th St,KA1503000014,Ellis Ave & 55th St,KA1504000076,41.78509714636,-87.6010727606,41.79430062054,-87.6014497734,member,2.8753499999999996,Thursday,March
16920ED728FC746F,classic_bike,2025-03-20 11:18:41.448,2025-03-20 11:23:19.849,Ellis Ave & 60th St,KA1503000014,Ellis Ave & 55th St,KA1504000076,41.78509714636,-87.6010727606,41.79430062054,-87.6014497734,member,4.640016666666667,Thursday,March
3148BF96C1EA9302,classic_bike,2025-03-18 10:20:12.708,2025-03-18 10:24:28.366,Ellis Ave & 60th St,KA1503000014,Ellis Ave & 55th St,KA1504000076,41.78509714636,-87.6010727606,41.79430062054,-87.6014497734,member,4.260966666666667,Tuesday,March
280CD45CD30D0C8D,classic_bike,2025-03-15 15:53:34.825,2025-03-15 15:57:02.238,Ellis Ave & 60th St,KA1503000014,Ellis Ave & 55th St,KA1504000076,41.78509714636,-87.6010727606,41.79430062054,-87.6014497734,member,3.4568833333333333,Saturday,March
0CBA0F5AD0D27179,electric_bike,2025-03-03 09:54:51.720,2025-03-03 09:57:20.308,Ellis Ave & 60th St,KA1503000014,Ellis Ave & 55th St,KA1504000076,41.78509714636,-87.6010727606,41.79430062054,-87.6014497734,member,2.4764666666666666,Monday,March
91AF438B45C54728,electric_bike,2025-03-04 18:59:15.095,2025-03-04 19:05:29.759,MLK Jr Dr & 47th St,TA1308000007,Greenwood Ave & 47th St,TA1308000002,41.809851,-87.616279,41.809835,-87.599383,member,6.2444,Tuesday,March
81E0C1E0A6C93B0B,classic_bike,2025-03-11 16:21:06.273,2025-03-11 16:38:01.735,Fort Dearborn Dr & 31st St*,chargingstx06,State St & 33rd St,13216,41.83867632897121,-87.60883212089539,41.834734,-87.625813,member,16.924366666666668,Tuesday,March
7D4DB8E20E88C7F9,electric_bike,2025-03-17 13:38:39.210,2025-03-17 13:41:50.481,Ellis Ave & 60th St,KA1503000014,Ellis Ave & 55th St,KA1504000076,41.78509714636,-87.6010727606,41.79430062054,-87.6014497734,member,3.1878499999999996,Monday,March
53BAC41F857B1BE0,electric_bike,2025-03-17 08:35:36.605,2025-03-17 08:38:28.516,Ellis Ave & 60th St,KA1503000014,Ellis Ave & 55th St,KA1504000076,41.78509714636,-87.6010727606,41.79430062054,-87.6014497734,member,2.8651833333333334,Monday,March
DCFCF6162E5A3E86,classic_bike,2025-03-04 13:56:00.037,2025-03-04 14:00:06.152,Ellis Ave & 60th St,KA1503000014,Ellis Ave & 55th St,KA1504000076,41.78509714636,-87.6010727606,41.79430062054,-87.6014497734,member,4.101916666666667,Tuesday,March
685DDA237067B8F0,classic_bike,2025-03-17 11:47:01.365,2025-03-17 11:51:12.228,Ellis Ave & 60th St,KA1503000014,Ellis Ave & 55th St,KA1504000076,41.78509714636,-87.6010727606,41.79430062054,-87.6014497734,member,4.18105,Monday,March
0742C47AD8275374,classic_bike,2025-03-27 15:25:19.526,2025-03-27 15:29:13.120,Ellis Ave & 60th St,KA1503000014,Ellis Ave & 55th St,KA1504000076,41.78509714636,-87.6010727606,41.79430062054,-87.6014497734,member,3.8932333333333333,Thursday,March
E84C68B2379EE33E,electric_bike,2025-03-24 17:43:36.653,2025-03-24 18:23:44.525,Fort Dearborn Dr & 31st St*,chargingstx06,Ellis Ave & 55th St,KA1504000076,41.83867632897121,-87.60883212089539,41.79430062054,-87.6014497734,casual,40.1312,Monday,March
0EF366A999EFB4D9,classic_bike,2025-03-30 19:35:29.857,2025-03-30 19:39:24.760,Ellis Ave & 60th St,KA1503000014,Ellis Ave & 55th St,KA1504000076,41.78509714636,-87.6010727606,41.79430062054,-87.6014497734,member,3.91505,Sunday,March
AE99A1C2DCD2CA13,electric_bike,2025-03-18 23:23:29.793,2025-03-18 23:27:08.745,Ellis Ave & 60th St,KA1503000014,Ellis Ave & 55th St,KA1504000076,41.78509714636,-87.6010727606,41.79430062054,-87.6014497734,member,3.6492,Tuesday,March
3B4309FE38B8B16E,electric_bike,2025-03-23 18:58:51.609,2025-03-23 19:01:20.785,Ellis Ave & 60th St,KA1503000014,Ellis Ave & 55th St,KA1504000076,41.78509714636,-87.6010727606,41.79430062054,-87.6014497734,member,2.4862666666666664,Sunday,March
54C5B296AB2A1DE3,classic_bike,2025-03-28 15:46:31.925,2025-03-28 15:50:25.863,Ellis Ave & 60th St,KA1503000014,Ellis Ave & 55th St,KA1504000076,41.78509714636,-87.6010727606,41.79430062054,-87.6014497734,member,3.8989666666666665,Friday,March
87CFE0E97C525FBB,classic_bike,2025-03-26 14:38:57.992,2025-03-26 14:43:05.454,Ellis Ave & 60th St,KA1503000014,Ellis Ave & 55th St,KA1504000076,41.78509714636,-87.6010727606,41.79430062054,-87.6014497734,member,4.124366666666666,Wednesday,March
BC0CB05486C6C954,classic_bike,2025-03-02 07:50:56.217,2025-03-02 07:55:24.381,Ellis Ave & 60th St,KA1503000014,Ellis Ave & 55th St,KA1504000076,41.78509714636,-87.6010727606,41.79430062054,-87.6014497734,member,4.469399999999999,Sunday,March
AF52EF5D57BE8504,classic_bike,2025-03-06 18:10:28.033,2025-03-06 18:14:23.829,Ellis Ave & 60th St,KA1503000014,Ellis Ave & 55th St,KA1504000076,41.78509714636,-87.6010727606,41.79430062054,-87.6014497734,member,3.929933333333333,Thursday,March
9BE18425788FE360,electric_bike,2025-03-21 14:12:04.710,2025-03-21 14:25:02.107,900 W Harrison St,13028,Clark St & Chicago Ave,13303,41.874754,-87.649807,41.89675,-87.63089,member,12.956616666666667,Friday,March
67669F21ADCDD193,classic_bike,2025-03-26 17:03:10.302,2025-03-26 17:07:37.791,Ellis Ave & 60th St,KA1503000014,Ellis Ave & 55th St,KA1504000076,41.78509714636,-87.6010727606,41.79430062054,-87.6014497734,member,4.45815,Wednesday,March
87079A0AD8E834BB,classic_bike,2025-03-24 16:49:08.685,2025-03-24 16:53:26.438,Ellis Ave & 60th St,KA1503000014,Ellis Ave & 55th St,KA1504000076,41.78509714636,-87.6010727606,41.79430062054,-87.6014497734,member,4.295883333333333,Monday,March
A14FA31777EA50B2,classic_bike,2025-03-03 20:12:15.021,2025-03-03 20:16:01.523,Ellis Ave & 60th St,KA1503000014,Ellis Ave & 55th St,KA1504000076,41.78509714636,-87.6010727606,41.79430062054,-87.6014497734,member,3.7750333333333335,Monday,March
F93C8497305B4261,classic_bike,2025-03-15 13:38:56.334,2025-03-15 13:45:09.870,Ellis Ave & 60th St,KA1503000014,Ellis Ave & 55th St,KA1504000076,41.78509714636,-87.6010727606,41.79430062054,-87.6014497734,casual,6.2256,Saturday,March
26431DACFBD500D1,electric_bike,2025-03-30 20:06:59.719,2025-03-30 20:12:02.794,Ellis Ave & 60th St,KA1503000014,Ellis Ave & 55th St,KA1504000076,41.78509714636,-87.6010727606,41.79430062054,-87.6014497734,member,5.05125,Sunday,March
1AF5511656BFECE4,electric_bike,2025-03-31 10:47:14.528,2025-03-31 10:49:58.693,Ellis Ave & 60th St,KA1503000014,Ellis Ave & 55th St,KA1504000076,41.78509714636,-87.6010727606,41.79430062054,-87.6014497734,member,2.736083333333333,Monday,March
9DCFE3BE235E43EE,classic_bike,2025-03-30 08:23:56.717,2025-03-30 08:27:30.821,Ellis Ave & 60th St,KA1503000014,Ellis Ave & 55th St,KA1504000076,41.78509714636,-87.6010727606,41.79430062054,-87.6014497734,member,3.5684,Sunday,March
E1F2515597F9D3A0,electric_bike,2025-03-10 21:03:48.350,2025-03-10 21:06:20.537,Ellis Ave & 60th St,KA1503000014,Ellis Ave & 55th St,KA1504000076,41.78509714636,-87.6010727606,41.79430062054,-87.6014497734,member,2.5364500000000003,Monday,March
671A446C621A449B,electric_bike,2025-03-06 19:24:24.266,2025-03-06 19:28:17.930,Ellis Ave & 60th St,KA1503000014,Ellis Ave & 55th St,KA1504000076,41.785104513,-87.60112977,41.79430062054,-87.6014497734,member,3.8943999999999996,Thursday,March
EA0C450F0B5AD241,classic_bike,2025-03-07 09:37:49.413,2025-03-07 09:41:49.275,Ellis Ave & 60th St,KA1503000014,Ellis Ave & 55th St,KA1504000076,41.78509714636,-87.6010727606,41.79430062054,-87.6014497734,member,3.9977,Friday,March
14ED4ACFB692AE53,electric_bike,2025-03-06 21:20:12.234,2025-03-06 21:22:35.758,Ellis Ave & 60th St,KA1503000014,Ellis Ave & 55th St,KA1504000076,41.78509714636,-87.6010727606,41.79430062054,-87.6014497734,member,2.3920666666666666,Thursday,March
67BBE29031DA42F1,classic_bike,2025-03-09 08:16:23.352,2025-03-09 08:19:57.554,Ellis Ave & 60th St,KA1503000014,Ellis Ave & 55th St,KA1504000076,41.78509714636,-87.6010727606,41.79430062054,-87.6014497734,member,3.5700333333333334,Sunday,March
77DA89D79C37EB8B,electric_bike,2025-03-01 13:07:29.880,2025-03-01 13:10:06.598,Ellis Ave & 60th St,KA1503000014,Ellis Ave & 55th St,KA1504000076,41.78509714636,-87.6010727606,41.79430062054,-87.6014497734,casual,2.6119666666666665,Saturday,March
F62C756101AA0A41,electric_bike,2025-03-01 13:38:00.143,2025-03-01 13:49:46.112,Central Park Ave & Ohio St,369,Kedzie Ave & Chicago Ave,KA1504000114,41.8918718,-87.7163879,41.89546530305,-87.7061278837,casual,11.766150000000001,Saturday,March
B7E930722AF93680,electric_bike,2025-03-15 19:04:46.145,2025-03-15 19:08:29.644,Mies van der Rohe Way & Chicago Ave,13338,Clark St & Chicago Ave,13303,41.896944626370825,-87.62175768613815,41.89675,-87.63089,casual,3.7249833333333333,Saturday,March
1D42E55522A7DA85,classic_bike,2025-03-29 09:19:19.628,2025-03-29 09:22:52.448,Ellis Ave & 60th St,KA1503000014,Ellis Ave & 55th St,KA1504000076,41.78509714636,-87.6010727606,41.79430062054,-87.6014497734,casual,3.5469999999999997,Saturday,March
5B86174563D11E46,electric_bike,2025-03-05 06:51:03.804,2025-03-05 06:53:59.108,Ellis Ave & 60th St,KA1503000014,Ellis Ave & 55th St,KA1504000076,41.78509714636,-87.6010727606,41.79430062054,-87.6014497734,casual,2.9217333333333335,Wednesday,March
803C2659C390103E,classic_bike,2025-03-06 00:14:39.982,2025-03-06 00:18:45.151,Ellis Ave & 60th St,KA1503000014,Ellis Ave & 55th St,KA1504000076,41.78509714636,-87.6010727606,41.79430062054,-87.6014497734,casual,4.08615,Thursday,March
9F49C345C8125703,classic_bike,2025-03-05 18:30:30.117,2025-03-05 18:34:59.707,Ellis Ave & 60th St,KA1503000014,Ellis Ave & 55th St,KA1504000076,41.78509714636,-87.6010727606,41.79430062054,-87.6014497734,casual,4.493166666666666,Wednesday,March
1B45FBA76C28C941,classic_bike,2025-03-30 09:51:54.576,2025-03-30 09:55:35.901,Ellis Ave & 60th St,KA1503000014,Ellis Ave & 55th St,KA1504000076,41.78509714636,-87.6010727606,41.79430062054,-87.6014497734,casual,3.6887499999999998,Sunday,March
DB20326CB17ABD76,classic_bike,2025-03-30 04:08:38.147,2025-03-30 04:12:24.629,Ellis Ave & 60th St,KA1503000014,Ellis Ave & 55th St,KA1504000076,41.78509714636,-87.6010727606,41.79430062054,-87.6014497734,casual,3.7747,Sunday,March
AB48C50BFB10492D,electric_bike,2025-03-30 19:35:10.763,2025-03-30 19:39:28.689,Ellis Ave & 60th St,KA1503000014,Ellis Ave & 55th St,KA1504000076,41.78509714636,-87.6010727606,41.79430062054,-87.6014497734,casual,4.298766666666666,Sunday,March
6736B746E5AACF19,classic_bike,2025-03-29 19:22:09.192,2025-03-29 19:26:19.725,Ellis Ave & 60th St,KA1503000014,Ellis Ave & 55th St,KA1504000076,41.78509714636,-87.6010727606,41.79430062054,-87.6014497734,casual,4.175549999999999,Saturday,March
7F70DFFA7F2F5406,classic_bike,2025-03-30 14:32:30.819,2025-03-30 14:38:54.896,Ellis Ave & 60th St,KA1503000014,Ellis Ave & 55th St,KA1504000076,41.78509714636,-87.6010727606,41.79430062054,-87.6014497734,casual,6.401283333333334,Sunday,March
04AD067E3E8D9A8C,electric_bike,2025-03-24 19:05:57.948,2025-03-24 19:09:22.962,Ellis Ave & 60th St,KA1503000014,Ellis Ave & 55th St,KA1504000076,41.78509714636,-87.6010727606,41.79430062054,-87.6014497734,member,3.4169,Monday,March
F93F1B667F60B418,classic_bike,2025-03-26 14:44:56.608,2025-03-26 14:50:22.664,Ellis Ave & 60th St,KA1503000014,Ellis Ave & 55th St,KA1504000076,41.78509714636,-87.6010727606,41.79430062054,-87.6014497734,member,5.434266666666667,Wednesday,March
CDE7E5696463814F,classic_bike,2025-03-12 17:56:00.580,2025-03-12 18:03:07.565,Ellis Ave & 60th St,KA1503000014,Ellis Ave & 55th St,KA1504000076,41.78509714636,-87.6010727606,41.79430062054,-87.6014497734,member,7.116416666666667,Wednesday,March
6FCE68DAF0257DBD,electric_bike,2025-03-04 16:18:14.206,2025-03-04 16:21:07.444,Ellis Ave & 60th St,KA1503000014,Ellis Ave & 55th St,KA1504000076,41.78509714636,-87.6010727606,41.79430062054,-87.6014497734,member,2.8873,Tuesday,March
B05E612C43997029,electric_bike,2025-03-08 09:14:09.717,2025-03-08 09:16:39.460,Ellis Ave & 60th St,KA1503000014,Ellis Ave & 55th St,KA1504000076,41.785147786,-87.601184607,41.79430062054,-87.6014497734,member,2.4957166666666666,Saturday,March
530996FA46D61A45,classic_bike,2025-03-08 16:27:34.398,2025-03-08 16:31:46.137,Ellis Ave & 60th St,KA1503000014,Ellis Ave & 55th St,KA1504000076,41.78509714636,-87.6010727606,41.79430062054,-87.6014497734,member,4.19565,Saturday,March
037D0752534219B3,electric_bike,2025-03-27 18:44:27.422,2025-03-27 18:47:52.455,Ellis Ave & 60th St,KA1503000014,Ellis Ave & 55th St,KA1504000076,41.78509714636,-87.6010727606,41.79430062054,-87.6014497734,member,3.4172166666666666,Thursday,March
E29342B8A5BD523E,electric_bike,2025-03-08 14:41:04.796,2025-03-08 14:43:42.131,Ellis Ave & 60th St,KA1503000014,Ellis Ave & 55th St,KA1504000076,41.78509714636,-87.6010727606,41.79430062054,-87.6014497734,member,2.62225,Saturday,March
ECC158A9947EA24D,electric_bike,2025-03-08 11:32:19.687,2025-03-08 11:34:56.663,Ellis Ave & 60th St,KA1503000014,Ellis Ave & 55th St,KA1504000076,41.78509714636,-87.6010727606,41.79430062054,-87.6014497734,casual,2.6162666666666667,Saturday,March
4B0597AE50F85C4F,electric_bike,2025-03-25 21:45:15.151,2025-03-25 21:48:09.393,Ellis Ave & 60th St,KA1503000014,Ellis Ave & 55th St,KA1504000076,41.78509714636,-87.6010727606,41.79430062054,-87.6014497734,casual,2.904033333333333,Tuesday,March
99466452932F5701,electric_bike,2025-03-02 19:59:46.430,2025-03-02 20:02:19.250,Ellis Ave & 60th St,KA1503000014,Ellis Ave & 55th St,KA1504000076,41.78509714636,-87.6010727606,41.79430062054,-87.6014497734,casual,2.5469999999999997,Sunday,March
445DF3F7B9137360,electric_bike,2025-03-02 19:51:33.704,2025-03-02 19:54:42.121,Ellis Ave & 60th St,KA1503000014,Ellis Ave & 55th St,KA1504000076,41.78509714636,-87.6010727606,41.79430062054,-87.6014497734,casual,3.1402833333333335,Sunday,March
11B627F94600A1EA,electric_bike,2025-03-03 08:20:12.922,2025-03-03 08:23:29.810,Ellis Ave & 60th St,KA1503000014,Ellis Ave & 55th St,KA1504000076,41.78509714636,-87.6010727606,41.79430062054,-87.6014497734,casual,3.2814666666666668,Monday,March
76A4640F14264FE9,electric_bike,2025-03-14 14:35:58.079,2025-03-14 14:39:08.532,Ellis Ave & 60th St,KA1503000014,Ellis Ave & 55th St,KA1504000076,41.78509714636,-87.6010727606,41.79430062054,-87.6014497734,member,3.1742166666666667,Friday,March
6B9B027BC3B9145C,classic_bike,2025-03-01 10:48:30.534,2025-03-01 10:53:16.313,Ellis Ave & 60th St,KA1503000014,Ellis Ave & 55th St,KA1504000076,41.78509714636,-87.6010727606,41.79430062054,-87.6014497734,casual,4.762983333333334,Saturday,March
D4C631788645A937,classic_bike,2025-03-01 11:17:45.218,2025-03-01 11:23:13.370,Ellis Ave & 60th St,KA1503000014,Ellis Ave & 55th St,KA1504000076,41.78509714636,-87.6010727606,41.79430062054,-87.6014497734,casual,5.4692,Saturday,March
17F3E742D2BB7F85,classic_bike,2025-03-04 14:26:48.712,2025-03-04 14:32:25.537,Ellis Ave & 60th St,KA1503000014,Ellis Ave & 55th St,KA1504000076,41.78509714636,-87.6010727606,41.79430062054,-87.6014497734,casual,5.61375,Tuesday,March
E21223C23E1D3F91,classic_bike,2025-03-11 12:06:41.883,2025-03-11 12:14:00.407,Ellis Ave & 60th St,KA1503000014,Ellis Ave & 55th St,KA1504000076,41.78509714636,-87.6010727606,41.79430062054,-87.6014497734,casual,7.3087333333333335,Tuesday,March
75E90064C99FA7D2,classic_bike,2025-03-25 07:40:48.305,2025-03-25 07:46:02.480,Ellis Ave & 60th St,KA1503000014,Ellis Ave & 55th St,KA1504000076,41.78509714636,-87.6010727606,41.79430062054,-87.6014497734,casual,5.23625,Tuesday,March
76FEC92C0583888B,electric_bike,2025-03-27 06:58:36.151,2025-03-27 07:01:22.137,Ellis Ave & 60th St,KA1503000014,Ellis Ave & 55th St,KA1504000076,41.78509714636,-87.6010727606,41.79430062054,-87.6014497734,casual,2.766433333333333,Thursday,March
BF11725824DF7D76,classic_bike,2025-03-25 07:51:22.042,2025-03-25 07:56:52.957,Ellis Ave & 60th St,KA1503000014,Ellis Ave & 55th St,KA1504000076,41.78509714636,-87.6010727606,41.79430062054,-87.6014497734,casual,5.51525,Tuesday,March
7352D04E3043A765,classic_bike,2025-03-09 09:12:36.970,2025-03-09 09:16:13.586,Ellis Ave & 60th St,KA1503000014,Ellis Ave & 55th St,KA1504000076,41.78509714636,-87.6010727606,41.79430062054,-87.6014497734,casual,3.610266666666667,Sunday,March
C1BD51E701357D7A,classic_bike,2025-03-08 23:18:38.595,2025-03-08 23:37:32.547,Damen Ave & Madison St,13134,Columbus Dr & Randolph St,13263,41.88137,-87.67493,41.884728,-87.619521,member,18.8992,Saturday,March
08E6F75A814F01E5,electric_bike,2025-03-29 12:45:18.134,2025-03-29 12:48:14.896,Ellis Ave & 60th St,KA1503000014,Ellis Ave & 55th St,KA1504000076,41.78509714636,-87.6010727606,41.79430062054,-87.6014497734,casual,2.9460333333333333,Saturday,March
A2CDAE627F411D78,classic_bike,2025-03-23 10:21:31.935,2025-03-23 10:26:21.531,Ellis Ave & 60th St,KA1503000014,Ellis Ave & 55th St,KA1504000076,41.78509714636,-87.6010727606,41.79430062054,-87.6014497734,casual,4.8266,Sunday,March
F6EFBD11B5DA72C0,classic_bike,2025-03-24 21:26:18.831,2025-03-24 21:29:24.623,Ellis Ave & 60th St,KA1503000014,Ellis Ave & 55th St,KA1504000076,41.78509714636,-87.6010727606,41.79430062054,-87.6014497734,casual,3.0965333333333334,Monday,March
2E647DDCEFDD1962,classic_bike,2025-03-20 19:37:56.822,2025-03-20 19:42:56.015,Ellis Ave & 60th St,KA1503000014,Ellis Ave & 55th St,KA1504000076,41.78509714636,-87.6010727606,41.79430062054,-87.6014497734,member,4.986549999999999,Thursday,March
D08D1EB7C190A0CA,electric_bike,2025-03-02 09:43:17.939,2025-03-02 09:46:43.865,Ellis Ave & 60th St,KA1503000014,Ellis Ave & 55th St,KA1504000076,41.78509714636,-87.6010727606,41.79430062054,-87.6014497734,casual,3.4320999999999997,Sunday,March
B8BB19B3BC4E07E9,classic_bike,2025-03-15 13:38:45.889,2025-03-15 13:45:05.253,Ellis Ave & 60th St,KA1503000014,Ellis Ave & 55th St,KA1504000076,41.78509714636,-87.6010727606,41.79430062054,-87.6014497734,casual,6.322733333333333,Saturday,March
A012D5BF02C18F4D,electric_bike,2025-03-15 15:22:47.948,2025-03-15 16:06:17.336,Fort Dearborn Dr & 31st St*,chargingstx06,State St & 33rd St,13216,41.83867632897121,-87.60883212089539,41.834734,-87.625813,casual,43.489799999999995,Saturday,March
3BB1502EA4FDB263,classic_bike,2025-03-24 08:24:11.932,2025-03-24 08:30:04.741,Ellis Ave & 60th St,KA1503000014,Ellis Ave & 55th St,KA1504000076,41.78509714636,-87.6010727606,41.79430062054,-87.6014497734,casual,5.88015,Monday,March
42A54C9534096508,classic_bike,2025-03-24 07:48:39.327,2025-03-24 07:53:15.815,Ellis Ave & 60th St,KA1503000014,Ellis Ave & 55th St,KA1504000076,41.78509714636,-87.6010727606,41.79430062054,-87.6014497734,casual,4.608133333333333,Monday,March
BF7E19D7B01A8B87,classic_bike,2025-03-31 21:01:17.541,2025-03-31 21:05:10.626,Ellis Ave & 60th St,KA1503000014,Ellis Ave & 55th St,KA1504000076,41.78509714636,-87.6010727606,41.79430062054,-87.6014497734,casual,3.88475,Monday,March
495E1B273CCB7A74,classic_bike,2025-03-31 19:27:26.277,2025-03-31 19:31:43.132,Ellis Ave & 60th St,KA1503000014,Ellis Ave & 55th St,KA1504000076,41.78509714636,-87.6010727606,41.79430062054,-87.6014497734,casual,4.280916666666667,Monday,March
9474EBC2ABF34058,electric_bike,2025-03-28 22:43:48.293,2025-03-28 22:47:49.392,Ellis Ave & 60th St,KA1503000014,Ellis Ave & 55th St,KA1504000076,41.78509714636,-87.6010727606,41.79430062054,-87.6014497734,casual,4.018316666666666,Friday,March
EA6E96AE1CC76B99,electric_bike,2025-03-21 17:32:04.046,2025-03-21 17:34:54.856,Ellis Ave & 60th St,KA1503000014,Ellis Ave & 55th St,KA1504000076,41.78509714636,-87.6010727606,41.79430062054,-87.6014497734,casual,2.8468333333333335,Friday,March
751CB82D0C0605EF,electric_bike,2025-03-16 22:22:51.729,2025-03-16 22:27:00.023,Ellis Ave & 60th St,KA1503000014,Ellis Ave & 55th St,KA1504000076,41.78509714636,-87.6010727606,41.79430062054,-87.6014497734,casual,4.138233333333334,Sunday,March
8FCFF93FAB1CA1AD,electric_bike,2025-03-01 16:09:28.266,2025-03-01 16:12:02.566,Ellis Ave & 60th St,KA1503000014,Ellis Ave & 55th St,KA1504000076,41.78509714636,-87.6010727606,41.79430062054,-87.6014497734,member,2.5716666666666668,Saturday,March
05323559566306E0,classic_bike,2025-03-23 13:57:24.812,2025-03-23 14:01:33.360,Ellis Ave & 60th St,KA1503000014,Ellis Ave & 55th St,KA1504000076,41.78509714636,-87.6010727606,41.79430062054,-87.6014497734,member,4.1424666666666665,Sunday,March
D8E60803EA911E33,classic_bike,2025-03-11 11:05:09.308,2025-03-11 11:09:47.037,Ellis Ave & 60th St,KA1503000014,Ellis Ave & 55th St,KA1504000076,41.78509714636,-87.6010727606,41.79430062054,-87.6014497734,member,4.628816666666666,Tuesday,March
022EE12529EFAC03,classic_bike,2025-03-29 07:44:45.713,2025-03-29 07:50:18.391,Ellis Ave & 60th St,KA1503000014,Ellis Ave & 55th St,KA1504000076,41.78509714636,-87.6010727606,41.79430062054,-87.6014497734,member,5.5446333333333335,Saturday,March
A9579674E28D0082,classic_bike,2025-03-24 15:57:31.387,2025-03-24 16:00:27.878,Mies van der Rohe Way & Chicago Ave,13338,Clark St & Chicago Ave,13303,41.896944626370825,-87.62175768613815,41.89675,-87.63089,member,2.941516666666667,Monday,March
06DA7E4E95D38FF4,classic_bike,2025-03-05 12:31:22.781,2025-03-05 12:39:48.178,Ellis Ave & 60th St,KA1503000014,Ellis Ave & 55th St,KA1504000076,41.78509714636,-87.6010727606,41.79430062054,-87.6014497734,casual,8.423283333333334,Wednesday,March
236275774ECC09AC,electric_bike,2025-03-06 21:39:14.173,2025-03-06 21:42:57.014,Ellis Ave & 60th St,KA1503000014,Ellis Ave & 55th St,KA1504000076,41.78509714636,-87.6010727606,41.79430062054,-87.6014497734,casual,3.7140166666666667,Thursday,March
AF3607F0665E16F8,classic_bike,2025-03-06 19:43:45.991,2025-03-06 19:48:48.840,Ellis Ave & 60th St,KA1503000014,Ellis Ave & 55th St,KA1504000076,41.78509714636,-87.6010727606,41.79430062054,-87.6014497734,casual,5.047483333333333,Thursday,March
ACA2BDF050139029,electric_bike,2025-03-25 15:17:38.602,2025-03-25 15:20:11.403,Ellis Ave & 60th St,KA1503000014,Ellis Ave & 55th St,KA1504000076,41.78509714636,-87.6010727606,41.79430062054,-87.6014497734,casual,2.546683333333333,Tuesday,March
8788717A183D70EE,classic_bike,2025-03-14 10:54:27.939,2025-03-14 10:57:51.858,Ellis Ave & 60th St,KA1503000014,Ellis Ave & 55th St,KA1504000076,41.78509714636,-87.6010727606,41.79430062054,-87.6014497734,member,3.3986500000000004,Friday,March
B49C00232C9DDD79,electric_bike,2025-03-23 12:03:33.472,2025-03-23 12:06:21.413,Ellis Ave & 60th St,KA1503000014,Ellis Ave & 55th St,KA1504000076,41.78509714636,-87.6010727606,41.79430062054,-87.6014497734,member,2.7990166666666667,Sunday,March
82981D4D4A5E5C12,classic_bike,2025-03-22 08:38:01.101,2025-03-22 08:41:21.685,Ellis Ave & 60th St,KA1503000014,Ellis Ave & 55th St,KA1504000076,41.78509714636,-87.6010727606,41.79430062054,-87.6014497734,member,3.3430666666666666,Saturday,March
DC2521AC11A491FA,electric_bike,2025-03-01 09:52:42.340,2025-03-01 09:55:58.572,Ellis Ave & 60th St,KA1503000014,Ellis Ave & 55th St,KA1504000076,41.78509714636,-87.6010727606,41.79430062054,-87.6014497734,member,3.2705333333333333,Saturday,March
C09A4BC7E5B29B76,classic_bike,2025-03-01 09:14:00.845,2025-03-01 09:21:28.163,Ellis Ave & 60th St,KA1503000014,Ellis Ave & 55th St,KA1504000076,41.78509714636,-87.6010727606,41.79430062054,-87.6014497734,member,7.455299999999999,Saturday,March
A88E82664D9281DD,classic_bike,2025-03-30 13:25:11.702,2025-03-30 13:30:03.667,Ellis Ave & 60th St,KA1503000014,Ellis Ave & 55th St,KA1504000076,41.78509714636,-87.6010727606,41.79430062054,-87.6014497734,member,4.866083333333333,Sunday,March
C627E6E52F690471,electric_bike,2025-03-02 12:42:33.817,2025-03-02 12:45:23.430,Ellis Ave & 60th St,KA1503000014,Ellis Ave & 55th St,KA1504000076,41.78509714636,-87.6010727606,41.79430062054,-87.6014497734,member,2.8268833333333334,Sunday,March
F37059988F446C1B,electric_bike,2025-03-11 09:29:51.680,2025-03-11 09:32:51.620,Ellis Ave & 60th St,KA1503000014,Ellis Ave & 55th St,KA1504000076,41.78509714636,-87.6010727606,41.79430062054,-87.6014497734,member,2.999,Tuesday,March
09C038C76DCAC975,classic_bike,2025-03-25 16:09:16.520,2025-03-25 16:13:00.344,Ellis Ave & 60th St,KA1503000014,Ellis Ave & 55th St,KA1504000076,41.78509714636,-87.6010727606,41.79430062054,-87.6014497734,member,3.7304000000000004,Tuesday,March
BC5766400F9A8BEA,classic_bike,2025-03-28 18:46:59.753,2025-03-28 18:51:54.782,Ellis Ave & 60th St,KA1503000014,Ellis Ave & 55th St,KA1504000076,41.78509714636,-87.6010727606,41.79430062054,-87.6014497734,member,4.91715,Friday,March
065D41E7DA5D032C,classic_bike,2025-03-28 13:10:18.967,2025-03-28 13:17:10.442,Ellis Ave & 60th St,KA1503000014,Ellis Ave & 55th St,KA1504000076,41.78509714636,-87.6010727606,41.79430062054,-87.6014497734,member,6.857916666666667,Friday,March
F3F3897DD48CE021,classic_bike,2025-03-28 19:53:42.815,2025-03-28 20:27:55.338,Ellis Ave & 60th St,KA1503000014,Ellis Ave & 55th St,KA1504000076,41.78509714636,-87.6010727606,41.79430062054,-87.6014497734,member,34.20871666666667,Friday,March
A5E03DB6C294425D,classic_bike,2025-03-03 12:01:48.158,2025-03-03 12:06:44.652,Ellis Ave & 60th St,KA1503000014,Ellis Ave & 55th St,KA1504000076,41.78509714636,-87.6010727606,41.79430062054,-87.6014497734,member,4.9415666666666676,Monday,March
55A52C677F8C9253,electric_bike,2025-03-29 11:42:58.231,2025-03-29 11:45:41.552,Ellis Ave & 60th St,KA1503000014,Ellis Ave & 55th St,KA1504000076,41.78509714636,-87.6010727606,41.79430062054,-87.6014497734,member,2.7220166666666668,Saturday,March
3735DBAC74A75863,classic_bike,2025-03-13 21:04:40.135,2025-03-13 21:08:35.684,Mies van der Rohe Way & Chicago Ave,13338,Clark St & Chicago Ave,13303,41.896944626370825,-87.62175768613815,41.89675,-87.63089,member,3.925816666666667,Thursday,March
82CC09055870BB33,classic_bike,2025-03-06 19:49:53.306,2025-03-06 19:54:01.580,Ellis Ave & 60th St,KA1503000014,Ellis Ave & 55th St,KA1504000076,41.78509714636,-87.6010727606,41.79430062054,-87.6014497734,member,4.1379,Thursday,March
4640365161E2C6B3,classic_bike,2025-03-13 20:58:57.117,2025-03-13 21:02:51.221,Ellis Ave & 60th St,KA1503000014,Ellis Ave & 55th St,KA1504000076,41.78509714636,-87.6010727606,41.79430062054,-87.6014497734,member,3.9017333333333335,Thursday,March
F49F0607C2E3387C,classic_bike,2025-03-27 09:04:22.174,2025-03-27 09:08:38.537,Ellis Ave & 60th St,KA1503000014,Ellis Ave & 55th St,KA1504000076,41.78509714636,-87.6010727606,41.79430062054,-87.6014497734,member,4.272716666666667,Thursday,March
D1F091A4F827B8C9,electric_bike,2025-03-11 19:55:57.650,2025-03-11 19:58:36.381,Ellis Ave & 60th St,KA1503000014,Ellis Ave & 55th St,KA1504000076,41.78509714636,-87.6010727606,41.79430062054,-87.6014497734,member,2.6455166666666665,Tuesday,March
F8445E2DD3D9C54F,classic_bike,2025-03-30 15:37:38.236,2025-03-30 15:41:33.483,Ellis Ave & 60th St,KA1503000014,Ellis Ave & 55th St,KA1504000076,41.78509714636,-87.6010727606,41.79430062054,-87.6014497734,member,3.9207833333333335,Sunday,March
599C9744B70AC83F,electric_bike,2025-03-02 13:57:36.605,2025-03-02 14:00:30.589,Ellis Ave & 60th St,KA1503000014,Ellis Ave & 55th St,KA1504000076,41.78509714636,-87.6010727606,41.79430062054,-87.6014497734,member,2.8997333333333333,Sunday,March
5D160A09BFA50741,classic_bike,2025-03-02 17:19:27.236,2025-03-02 17:23:24.768,Ellis Ave & 60th St,KA1503000014,Ellis Ave & 55th St,KA1504000076,41.78509714636,-87.6010727606,41.79430062054,-87.6014497734,member,3.9588666666666668,Sunday,March
F7DF97DC34478135,electric_bike,2025-03-29 17:15:26.615,2025-03-29 17:18:06.534,Ellis Ave & 60th St,KA1503000014,Ellis Ave & 55th St,KA1504000076,41.78509714636,-87.6010727606,41.79430062054,-87.6014497734,member,2.665316666666667,Saturday,March
18F443BB590F19FD,classic_bike,2025-03-23 13:26:29.027,2025-03-23 13:30:39.916,Ellis Ave & 60th St,KA1503000014,Ellis Ave & 55th St,KA1504000076,41.78509714636,-87.6010727606,41.79430062054,-87.6014497734,member,4.181483333333333,Sunday,March
1E23D96A1D12EA44,classic_bike,2025-03-06 10:49:32.217,2025-03-06 10:56:40.831,Ellis Ave & 60th St,KA1503000014,Ellis Ave & 55th St,KA1504000076,41.78509714636,-87.6010727606,41.79430062054,-87.6014497734,member,7.143566666666667,Thursday,March
AC1E14C8FBB49715,classic_bike,2025-03-22 18:49:15.914,2025-03-22 18:53:24.434,Ellis Ave & 60th St,KA1503000014,Ellis Ave & 55th St,KA1504000076,41.78509714636,-87.6010727606,41.79430062054,-87.6014497734,member,4.142,Saturday,March
F20A63249A87B40D,classic_bike,2025-03-19 10:06:51.496,2025-03-19 10:12:20.977,Ellis Ave & 60th St,KA1503000014,Ellis Ave & 55th St,KA1504000076,41.78509714636,-87.6010727606,41.79430062054,-87.6014497734,member,5.49135,Wednesday,March
8927933F109F63E9,electric_bike,2025-03-20 17:33:39.088,2025-03-20 17:36:39.468,Ellis Ave & 60th St,KA1503000014,Ellis Ave & 55th St,KA1504000076,41.78509714636,-87.6010727606,41.79430062054,-87.6014497734,member,3.006333333333333,Thursday,March
DA4D32B26AADDA34,electric_bike,2025-03-07 16:24:28.272,2025-03-07 16:28:26.554,Ellis Ave & 60th St,KA1503000014,Ellis Ave & 55th St,KA1504000076,41.78509714636,-87.6010727606,41.79430062054,-87.6014497734,member,3.971366666666667,Friday,March
D38C35ABCAE40CE5,classic_bike,2025-03-14 13:31:41.973,2025-03-14 13:35:16.372,Ellis Ave & 60th St,KA1503000014,Ellis Ave & 55th St,KA1504000076,41.78509714636,-87.6010727606,41.79430062054,-87.6014497734,member,3.5733166666666665,Friday,March
1601DDB3F9357BEC,classic_bike,2025-03-10 14:56:12.527,2025-03-10 15:01:12.437,Ellis Ave & 60th St,KA1503000014,Ellis Ave & 55th St,KA1504000076,41.78509714636,-87.6010727606,41.79430062054,-87.6014497734,member,4.998500000000001,Monday,March
BA24042715F8A6AC,electric_bike,2025-03-15 17:24:06.451,2025-03-15 17:26:53.835,Ellis Ave & 60th St,KA1503000014,Ellis Ave & 55th St,KA1504000076,41.78509714636,-87.6010727606,41.79430062054,-87.6014497734,member,2.789733333333333,Saturday,March
72CAD82CC71C12A3,classic_bike,2025-03-24 15:03:57.176,2025-03-24 15:08:43.975,Ellis Ave & 60th St,KA1503000014,Ellis Ave & 55th St,KA1504000076,41.78509714636,-87.6010727606,41.79430062054,-87.6014497734,member,4.779983333333333,Monday,March
02310233DD23FF38,classic_bike,2025-03-24 14:48:10.741,2025-03-24 14:53:30.384,Ellis Ave & 60th St,KA1503000014,Ellis Ave & 55th St,KA1504000076,41.78509714636,-87.6010727606,41.79430062054,-87.6014497734,member,5.327383333333333,Monday,March
05D41FF469D22737,classic_bike,2025-03-24 14:49:51.254,2025-03-24 14:54:26.397,Ellis Ave & 60th St,KA1503000014,Ellis Ave & 55th St,KA1504000076,41.78509714636,-87.6010727606,41.79430062054,-87.6014497734,member,4.585716666666666,Monday,March
25B7E28B9D0B3B20,classic_bike,2025-03-10 15:25:00.829,2025-03-10 15:29:59.262,Mies van der Rohe Way & Chicago Ave,13338,Clark St & Chicago Ave,13303,41.896944626370825,-87.62175768613815,41.89675,-87.63089,member,4.973883333333333,Monday,March
ED29A26DF7454B23,classic_bike,2025-03-13 17:08:50.130,2025-03-13 17:14:23.291,Ellis Ave & 60th St,KA1503000014,Ellis Ave & 55th St,KA1504000076,41.78509714636,-87.6010727606,41.79430062054,-87.6014497734,member,5.552683333333333,Thursday,March
BBF6C74ABE992102,electric_bike,2025-03-27 13:46:58.216,2025-03-27 13:50:18.095,Ellis Ave & 60th St,KA1503000014,Ellis Ave & 55th St,KA1504000076,41.78509714636,-87.6010727606,41.79430062054,-87.6014497734,member,3.3313166666666665,Thursday,March
2C8BDF3FBF6C102E,electric_bike,2025-03-25 13:51:19.819,2025-03-25 13:54:20.907,Ellis Ave & 60th St,KA1503000014,Ellis Ave & 55th St,KA1504000076,41.78509714636,-87.6010727606,41.79430062054,-87.6014497734,member,3.018133333333333,Tuesday,March
A7FC7FF328079570,electric_bike,2025-03-25 10:33:27.172,2025-03-25 10:36:19.795,Ellis Ave & 60th St,KA1503000014,Ellis Ave & 55th St,KA1504000076,41.78509714636,-87.6010727606,41.79430062054,-87.6014497734,member,2.8770499999999997,Tuesday,March
5BA4440315EAC3E0,classic_bike,2025-03-27 12:46:46.122,2025-03-27 12:51:11.390,Ellis Ave & 60th St,KA1503000014,Ellis Ave & 55th St,KA1504000076,41.78509714636,-87.6010727606,41.79430062054,-87.6014497734,member,4.421133333333333,Thursday,March
40FEA015ADE65CA6,classic_bike,2025-03-28 14:22:04.732,2025-03-28 15:31:55.378,Ellis Ave & 60th St,KA1503000014,Ellis Ave & 55th St,KA1504000076,41.78509714636,-87.6010727606,41.79430062054,-87.6014497734,member,69.8441,Friday,March
2E3AA5089C152D41,classic_bike,2025-03-29 14:38:12.104,2025-03-29 14:42:41.015,Ellis Ave & 60th St,KA1503000014,Ellis Ave & 55th St,KA1504000076,41.78509714636,-87.6010727606,41.79430062054,-87.6014497734,member,4.48185,Saturday,March
A29B21134A6BE8D2,classic_bike,2025-03-15 19:47:28.158,2025-03-15 19:51:44.788,Ellis Ave & 60th St,KA1503000014,Ellis Ave & 55th St,KA1504000076,41.78509714636,-87.6010727606,41.79430062054,-87.6014497734,member,4.277166666666667,Saturday,March
5FFB731C2805F524,electric_bike,2025-03-16 16:19:59.228,2025-03-16 16:23:07.339,Ellis Ave & 60th St,KA1503000014,Ellis Ave & 55th St,KA1504000076,41.78509714636,-87.6010727606,41.79430062054,-87.6014497734,member,3.135183333333333,Sunday,March
BBB06220A6781211,classic_bike,2025-03-31 20:47:33.832,2025-03-31 20:51:08.780,Ellis Ave & 60th St,KA1503000014,Ellis Ave & 55th St,KA1504000076,41.78509714636,-87.6010727606,41.79430062054,-87.6014497734,member,3.582466666666667,Monday,March